YEAR,Wind_Speed,Wind_Direction,Relative_Humidity,Surface_Pressure,Regional_Temperature
1984,10.76,285.43,78.78,100.92,30.38
1984,9.44,283.66,79.19,100.76,31.56
1984,6.57,281.31,79.69,100.13,35.63
1984,3.81,270.46,81.61,95.24,35.78
1984,5.99,274.65,77.95,94.06,36.53
1984,10.79,284.09,78.54,100.84,31.03
1984,8.73,282.23,78.86,100.25,32.99
1984,5.07,280.41,79.91,98.34,36.57
1984,5.69,263.51,78.98,95.59,37.54
1984,7.78,261.98,73.97,95.79,39.17
1984,9.4,281.36,78.76,100.46,31.85
1984,6.71,277.27,79.06,98.87,34.37
1984,3.61,269.09,80.19,95.13,36.01
1984,6.19,267.32,76.94,93.87,37.24
1984,7.21,268.41,71.32,95.56,39.78
1984,7.18,280.13,79.31,99.48,32.82
1984,4.37,274.09,79.56,96.75,35.35
1984,4.39,257.19,79.06,92.97,36.21
1984,6.71,262.29,74.59,92.36,37.23
1984,6.13,271.61,70.51,93.84,39.09
1984,5.65,275.14,79.27,98.2,34.45
1984,3.3,268.84,79.28,94.67,36.38
1984,6.24,260.59,76.38,92.13,37.08
1984,7.81,258.32,71.6,92.48,38.25
1984,7.22,267.2,69.6,93,39.12
1984,5,269.24,78.12,97.21,36.29
1984,3.61,261.46,78.16,93.42,37.55
1984,7.26,260.81,73.81,91.53,37.68
1984,8.4,256.84,69.29,92.34,38.72
1984,8.73,261.62,68.21,92.36,39.1
1984,9.85,286.23,79.01,100.95,29.72
1984,9.72,287.53,79.39,100.95,29.67
1984,9.84,289.91,79.97,100.94,29.73
1984,8.67,293.78,80.67,100.53,31.17
1984,8.45,292.97,81.61,99.78,32.23
1984,9.52,284.61,79.09,100.95,29.87
1984,9.28,285.57,79.45,100.94,29.99
1984,8.92,287.59,79.75,100.92,30.4
1984,6.49,293.32,81.15,99.57,32.74
1984,6.94,290.53,82.01,98.52,33.93
1984,9.32,283.52,79.22,100.94,29.99
1984,8.76,283.54,79.46,100.92,30.29
1984,7.99,284.22,78.94,100.85,31.33
1984,4.17,288.57,82.16,98.08,33.31
1984,4.65,287.37,82.01,97.16,34.44
1984,9.95,284.33,79.15,100.93,30.1
1984,9.25,283.46,79.46,100.86,30.67
1984,7.54,283.03,79.06,100.59,33.12
1984,2.83,284.46,82.69,95.85,33.87
1984,3.9,288.06,80.84,94.57,34.75
1985,8.91,287.51,79.46,100.95,30.01
1985,8.02,285.15,79.42,100.78,32.19
1985,6.13,281.5,78.72,100.15,37.83
1985,3.69,270.05,80.02,95.26,37.44
1985,5.79,273.02,74.81,94.08,38.09
1985,8.55,286.98,79.03,100.87,30.93
1985,7.07,284.13,78.68,100.27,34.1
1985,4.86,279.78,78.41,98.36,38.36
1985,5.67,261.21,76.73,95.6,39.07
1985,7.65,258.85,70.37,95.8,40.08
1985,7.8,284.94,78.78,100.49,32.1
1985,5.51,279.96,78.32,98.89,35.97
1985,3.43,268.78,78.38,95.15,37.87
1985,6.26,262.81,74.08,93.88,38.99
1985,7.11,261.67,67.24,95.57,40.81
1985,6.45,284.26,78.86,99.5,33.51
1985,3.86,277.45,78.42,96.76,37.18
1985,4.33,256.88,76.97,92.98,38.48
1985,6.88,259.32,71.34,92.37,38.95
1985,6.13,264.36,66.19,93.84,40.33
1985,5.23,280.32,78.58,98.22,35.44
1985,3.1,273.42,77.94,94.68,37.86
1985,6.16,261.34,73.97,92.14,38.83
1985,7.9,258.39,68.12,92.48,39.55
1985,7.45,262.68,65.4,93,40.07
1985,4.68,274.66,77.46,97.24,37.5
1985,3.37,266.43,76.78,93.44,38.62
1985,6.94,264.78,71.16,91.54,38.65
1985,8.36,259.93,65.83,92.35,39.68
1985,8.96,260.69,64.46,92.37,39.86
1985,11.24,284.82,78.58,100.98,29.82
1985,11.15,285.59,78.79,100.97,29.91
1985,11.09,286.97,79.31,100.97,29.98
1985,9.71,287.97,79.54,100.55,31.93
1985,9.16,284.49,79.78,99.8,34.24
1985,10.8,284.99,78.82,100.97,29.72
1985,10.72,285.84,78.96,100.96,30.07
1985,10.83,287.06,79.06,100.94,30.83
1985,7.22,288.19,79.31,99.59,34.77
1985,6.91,281.74,79.08,98.53,37.99
1985,9.88,285.27,79.26,100.96,29.68
1985,9.89,285.64,79.26,100.94,30.37
1985,10.55,286.09,78.28,100.87,32.59
1985,4.87,286.47,80.01,98.09,35.85
1985,4.73,279.81,78.69,97.17,38.57
1985,9.2,286.27,79.59,100.96,29.69
1985,8.87,285.48,79.59,100.89,30.98
1985,8.26,284.75,78.47,100.61,35.17
1985,2.98,283.95,81.04,95.87,36.02
1985,3.81,283.69,77.75,94.58,37.58
1986,9.9,286.73,79.98,101,30.27
1986,8.74,283.33,79.58,100.83,31.54
1986,6.29,278.53,77.91,100.2,36.3
1986,3.93,268.03,78.16,95.31,37.01
1986,6.01,272.46,72.95,94.13,38.03
1986,9.9,286.59,79.46,100.92,30.85
1986,8.18,282.63,78.47,100.32,33.25
1986,5.18,276.91,76.97,98.41,38.18
1986,6.22,260.08,74.62,95.65,38.99
1986,8.06,258.99,68.67,95.85,40.07
1986,8.99,284.88,79.01,100.54,31.86
1986,6.28,278.78,77.66,98.94,35.19
1986,3.81,266.16,76.53,95.2,38.07
1986,6.74,260.76,72.26,93.93,38.93
1986,7.46,261.04,66.22,95.62,40.7
1986,7.32,284.24,78.88,99.55,33.05
1986,4.19,276.38,77.44,96.82,36.75
1986,4.73,253.75,75.06,93.03,38.31
1986,7.14,255.58,70.24,92.42,38.85
1986,6.32,261.32,66.35,93.9,39.99
1986,5.74,279.66,78.47,98.27,34.82
1986,3.31,271.64,77.06,94.73,37.89
1986,6.46,257.56,72.69,92.19,38.63
1986,8.13,252.46,68.09,92.54,39.41
1986,7.54,255.01,66.82,93.06,39.68
1986,5.1,273.56,77.47,97.29,36.65
1986,3.75,264.15,76.42,93.49,38.45
1986,7.45,261.25,70.88,91.59,38.54
1986,8.68,251.75,66.8,92.4,39.62
1986,9.03,247.54,66.66,92.42,39.72
1986,10.09,283.96,78.99,101.03,29.69
1986,9.84,284.27,79.22,101.03,29.67
1986,9.56,285.22,79.59,101.02,29.66
1986,8.67,287.44,79.14,100.61,31.59
1986,8.71,285.92,78.71,99.86,34.04
1986,10.4,283.23,79.29,101.03,29.71
1986,9.95,283.26,79.46,101.02,29.79
1986,9.32,283.94,79.31,101,30.3
1986,6.75,286.61,78.31,99.65,34.2
1986,7.36,283.06,77.22,98.59,37.64
1986,10.05,283.49,79.73,101.02,29.89
1986,9.48,282.93,79.68,101,30.11
1986,8.75,282.66,78.28,100.93,31.29
1986,4.36,283.63,78.88,98.15,35.04
1986,4.95,280.14,76.78,97.23,37.96
1986,9.58,284.96,80.08,101.01,30.13
1986,8.79,283.19,79.94,100.94,30.64
1986,7.34,281.56,78.19,100.66,33.12
1986,2.78,280.59,79.66,95.92,35.12
1986,3.91,282.69,75.87,94.64,37.09
1987,10.79,282.66,77.81,101.02,30.31
1987,9.96,279.88,77.34,100.85,31.92
1987,7.35,275.5,75.69,100.22,37.65
1987,3.86,265.32,75.89,95.34,37.9
1987,5.29,270.08,71.19,94.16,39.13
1987,10.39,282.98,77.31,100.94,31.05
1987,8.99,279.65,76.59,100.34,33.48
1987,5.82,274.38,75.59,98.44,38.55
1987,5.62,258.27,72.87,95.68,39.26
1987,6.95,255.92,66.88,95.88,40.59
1987,8.74,281.77,77,100.56,31.99
1987,6.41,276.36,76.31,98.97,35.25
1987,3.76,264.19,75.78,95.23,38.15
1987,5.9,257.64,70.86,93.97,38.94
1987,6.47,256.19,64.39,95.66,40.81
1987,6.75,280.92,77.04,99.58,33.23
1987,3.94,273.93,76.38,96.85,36.73
1987,4.18,252.41,74.41,93.07,38.52
1987,6.21,252.11,68.98,92.46,38.68
1987,5.53,256.4,64.42,93.94,39.99
1987,5.37,275.85,76.82,98.3,35.2
1987,2.99,269.18,75.99,94.77,37.9
1987,5.78,257.28,71.84,92.23,38.71
1987,7.13,251.01,66.84,92.58,39.32
1987,6.62,253.13,64.88,93.1,39.78
1987,4.63,269.96,75.97,97.32,37.06
1987,3.27,262.57,75.21,93.53,38.64
1987,6.57,260.84,70.06,91.63,38.44
1987,7.62,251.57,65.76,92.44,39.36
1987,7.94,246.81,64.99,92.47,39.51
1987,10.66,280.53,78.03,101.05,30.25
1987,10.71,280.94,78.09,101.05,29.96
1987,10.63,281.84,78.22,101.04,29.8
1987,9.1,282.39,77.64,100.63,32.57
1987,8.19,280.47,77.63,99.88,34.92
1987,10.58,280.01,78.05,101.05,30.23
1987,10.5,280.08,78.01,101.04,30.23
1987,10.3,280.62,77.53,101.02,30.97
1987,6.71,281.3,76.61,99.67,35.9
1987,6.37,277.44,76.15,98.61,39.15
1987,10.42,280.26,78.17,101.04,30.12
1987,10.16,279.66,77.92,101.02,30.56
1987,9.67,279.06,76.09,100.95,32.83
1987,4.41,278.26,76.47,98.17,36.99
1987,4.3,274.24,75.16,97.26,39.69
1987,10.6,281.27,78.14,101.03,30.09
1987,10.07,279.74,77.81,100.96,31.03
1987,8.54,277.94,75.66,100.68,35.05
1987,3,275.84,76.98,95.95,36.93
1987,3.52,278.65,74.09,94.67,38.8
1988,11.28,288.11,78.36,100.94,30.17
1988,9.65,284.09,78.34,100.77,31.74
1988,6.14,279.22,77.97,100.14,36.81
1988,3.77,267.59,80.04,95.26,36.92
1988,6.05,272.13,76.1,94.09,37.94
1988,10.68,288.21,77.96,100.86,30.99
1988,8.61,283.69,77.76,100.26,33.51
1988,4.77,278.09,77.94,98.35,38.19
1988,5.88,259.52,76.61,95.61,38.98
1988,8.02,257.07,70.96,95.81,40.08
1988,9.28,286.97,77.65,100.48,32.02
1988,6.37,280.6,77.55,98.88,35.27
1988,3.44,268.62,78.12,95.15,37.94
1988,6.36,262.25,74.25,93.89,39.11
1988,7.35,261.27,68.14,95.58,40.76
1988,7.55,286.73,77.59,99.5,33.22
1988,4.39,279.07,77.61,96.77,36.56
1988,4.25,258.09,76.81,92.99,38.1
1988,6.5,260.32,71.89,92.38,38.74
1988,5.93,268.71,67.92,93.86,40.07
1988,5.81,282.86,77.24,98.22,35.03
1988,3.27,276.05,77.19,94.69,37.7
1988,5.93,264.25,74.22,92.15,38.55
1988,7.15,261.85,69.37,92.5,39.42
1988,6.7,270.59,68.01,93.02,40.03
1988,4.69,277.77,76.32,97.24,36.62
1988,3.34,270.41,76.51,93.45,38.44
1988,6.75,269.91,72.28,91.56,38.67
1988,7.76,266.71,68.03,92.37,39.62
1988,8.08,269,67.76,92.39,39.87
1988,10.17,289.26,78.28,100.97,30
1988,10.25,289.4,78.33,100.97,30.03
1988,10.4,290.12,78.53,100.96,30.21
1988,9.2,291.92,79.41,100.55,32.72
1988,8.44,290.29,80.58,99.8,34.9
1988,10.03,287.38,78.19,100.96,30.09
1988,9.97,286.94,78.16,100.96,30.26
1988,9.62,287.09,78.06,100.94,30.89
1988,6.64,289.59,80.31,99.59,35.28
1988,6.42,285.01,81.38,98.54,38.37
1988,10.21,286.31,78.29,100.96,30.06
1988,9.89,284.96,78.19,100.94,30.49
1988,8.83,283.91,77.31,100.87,32.12
1988,4.19,285.21,81.21,98.1,36.18
1988,4.31,281.11,81.23,97.18,38.88
1988,10.81,286.81,78.48,100.95,29.96
1988,9.72,284.31,78.46,100.88,30.83
1988,7.47,282.16,77.53,100.6,34.17
1988,2.75,281.26,81.71,95.87,35.91
1988,3.79,284.03,79.94,94.59,37.73
1989,11.32,288.93,78.8,100.97,30.29
1989,10.26,285.46,78.28,100.81,32.15
1989,7.03,281.19,76.25,100.17,38.29
1989,4.37,268.74,76.4,95.29,38.19
1989,6.64,275.58,71.38,94.11,38.87
1989,10.32,288.78,78.29,100.89,31.14
1989,8.53,285.2,77.31,100.3,33.74
1989,5.63,281,75.56,98.38,39.26
1989,6.62,262.45,72.86,95.63,39.66
1989,8.66,260.62,66.69,95.83,40.53
1989,8.8,287.37,77.82,100.51,32.15
1989,6.28,281.88,76.6,98.91,35.41
1989,3.91,271.38,75.25,95.18,38.52
1989,6.94,267.7,70.35,93.91,39.46
1989,7.89,268.45,63.8,95.61,40.96
1989,7.06,287.48,77.54,99.53,33.26
1989,4.31,280.36,76.24,96.79,36.85
1989,4.82,260.66,73.84,93.02,38.51
1989,7.29,265.13,68.39,92.4,39.18
1989,6.52,275.85,63.71,93.89,40.46
1989,5.63,283.58,76.87,98.25,35.04
1989,3.4,276.87,75.51,94.72,37.98
1989,6.88,266.59,71.41,92.18,38.92
1989,8.59,264.54,66.36,92.53,39.76
1989,7.92,275.11,64.29,93.05,40.44
1989,5.44,277.72,75.53,97.27,36.89
1989,3.97,270.26,74.39,93.47,38.73
1989,8.17,270.81,69.47,91.58,38.98
1989,9.62,268.89,64.99,92.39,39.98
1989,9.98,274.63,64.18,92.41,40.22
1989,11.78,289.23,78.59,101.01,29.72
1989,11.57,289.56,78.72,101,29.8
1989,11.06,290.44,79.09,101,29.9
1989,9.63,294.01,78.99,100.58,32.39
1989,9.01,295.82,79.23,99.83,35.02
1989,10.85,286.8,78.72,101,29.75
1989,10.55,286.65,78.76,100.99,30
1989,9.84,286.88,78.53,100.97,30.78
1989,6.83,291.3,78.03,99.62,35.77
1989,7.18,290.59,77.53,98.56,38.92
1989,10.67,285.89,78.91,100.99,29.81
1989,10.6,284.85,78.69,100.97,30.46
1989,9.67,283.75,77.06,100.9,32.8
1989,4.64,285.92,77.66,98.12,37.11
1989,5.17,286.94,76.12,97.21,39.67
1989,11.29,287.14,79.01,100.99,29.94
1989,10.81,284.88,78.68,100.92,31.09
1989,8.45,282.62,76.53,100.63,35.43
1989,3.17,281.77,77.88,95.9,37.19
1989,4.36,289.49,74.6,94.62,38.67
1990,10.77,290.4,78.61,101,30.2
1990,9.64,287.56,78.06,100.83,31.94
1990,6.87,283.56,75.94,100.2,37.16
1990,3.91,271.39,76.99,95.32,37.65
1990,5.75,273.27,71.66,94.13,39.27
1990,10.18,290.37,78.27,100.92,31.01
1990,8.32,287.34,77.34,100.32,33.88
1990,5.45,282.59,75.94,98.41,38.01
1990,5.84,262.97,74.01,95.65,39.16
1990,7.51,260.37,67.59,95.85,40.84
1990,9.74,288.67,77.92,100.54,31.85
1990,6.52,283.67,76.82,98.94,35.44
1990,3.68,271.84,76.12,95.21,37.73
1990,6.1,265.69,71.7,93.93,39.19
1990,6.87,264.27,64.72,95.62,41.24
1990,8,288.3,77.76,99.56,32.97
1990,4.3,281.41,76.7,96.82,36.68
1990,4.15,259.53,74.88,93.04,38.29
1990,6.35,263.31,69.28,92.42,38.96
1990,5.77,268.88,64.11,93.9,40.43
1990,5.93,284.31,77.38,98.28,34.88
1990,3.12,277.51,76.29,94.74,38.05
1990,5.84,264.53,72.31,92.19,39.01
1990,7.41,264.11,66.39,92.54,39.54
1990,7.04,269.23,63.89,93.06,40.1
1990,4.71,278.54,76.52,97.29,36.74
1990,3.39,270.77,75.62,93.5,39.03
1990,6.94,270.25,70.22,91.6,39.17
1990,8.25,269.68,64.52,92.4,39.9
1990,8.72,270.79,63.36,92.42,40
1990,10.91,290.24,78.77,101.03,29.83
1990,10.82,291.48,78.95,101.03,29.85
1990,10.86,293.12,79.38,101.02,29.99
1990,9.5,294,79.08,100.61,32.44
1990,8.79,289.1,78.76,99.85,35.13
1990,11.4,289.21,78.74,101.02,29.94
1990,10.59,290.02,78.78,101.02,30.2
1990,9.53,291.22,78.41,100.99,31.21
1990,6.92,292.19,77.68,99.65,35.97
1990,7.09,284.73,76.66,98.58,39.19
1990,11.87,288.3,78.79,101.02,29.92
1990,11.42,288.21,78.53,101,30.5
1990,10.47,288.69,76.5,100.93,32.94
1990,4.77,289.01,77.32,98.15,37.32
1990,4.81,281.73,75.34,97.23,40.14
1990,11.9,288.82,78.79,101.01,29.89
1990,11.28,287.46,78.39,100.94,30.81
1990,9.38,286.81,75.81,100.66,34.91
1990,3.26,285.81,77.89,95.92,36.92
1990,3.86,284.18,74.17,94.63,39.23
1991,10.77,290.76,78.76,100.99,30.39
1991,10.16,286.29,78.02,100.82,32.11
1991,7.6,280.19,75.59,100.19,37.81
1991,3.98,268.36,76.29,95.31,38.54
1991,5.58,272.27,72.14,94.13,39.54
1991,9.92,290.84,78.21,100.91,31.1
1991,8.4,286.02,76.98,100.31,33.73
1991,5.15,279.38,75.16,98.4,38.98
1991,5.59,260.3,73.26,95.65,39.89
1991,7.54,256.56,67.85,95.85,41.23
1991,8.95,289.46,77.62,100.53,32.1
1991,6.42,282.52,76.18,98.93,35.41
1991,3.57,269.09,75.12,95.2,38.67
1991,6.14,261.32,71.15,93.93,39.56
1991,7.15,258.4,65.34,95.62,41.68
1991,7.23,289.41,77.31,99.55,33.45
1991,4.33,280.75,75.89,96.81,37.07
1991,4.44,257.12,73.81,93.03,39.14
1991,6.83,257.25,69.06,92.42,39.33
1991,6.25,258.86,65.08,93.9,40.9
1991,5.56,285.23,76.75,98.27,35.38
1991,3.25,276.82,75.38,94.73,38.42
1991,6.39,263.38,71.41,92.19,39.52
1991,8.15,257.35,66.68,92.54,39.9
1991,7.72,254.68,65.11,93.06,40.57
1991,4.74,279.47,75.61,97.29,37.23
1991,3.68,269.7,74.65,93.49,39.09
1991,7.54,269.25,69.62,91.59,39.35
1991,9.01,261.18,65.25,92.41,40.13
1991,9.43,252.11,64.7,92.43,40.27
1991,12.11,288.66,78.79,101.02,30.07
1991,12.19,288.11,78.72,101.02,30.07
1991,12.23,287.81,78.75,101.01,30.08
1991,10.78,287.81,78.65,100.6,32.49
1991,9.55,284.34,78.7,99.85,35.06
1991,11.58,287.59,78.81,101.01,30.14
1991,11.71,286.57,78.6,101.01,30.37
1991,11.79,285.72,78,100.99,31.21
1991,7.94,286.19,77.72,99.64,35.89
1991,6.91,280.24,77.17,98.58,39.03
1991,11.23,287.39,78.86,101.01,30.11
1991,11.62,285.49,78.42,100.99,30.66
1991,12,283.47,76.34,100.92,32.9
1991,5.3,282.89,77.22,98.14,37.34
1991,4.53,276.94,76.05,97.22,40.1
1991,11.46,288.82,78.93,101,30.13
1991,11.56,285.72,78.39,100.93,31.09
1991,10.77,282.47,75.72,100.65,35.05
1991,3.72,280.62,77.44,95.91,37.4
1991,3.67,282.09,74.97,94.63,39.34
1992,10.57,288.28,78.83,101.02,30.43
1992,9.32,285.09,78.74,100.85,32.1
1992,6.59,279.84,77.69,100.22,37.94
1992,4.09,268.27,78.21,95.33,38.39
1992,6.02,272.33,73.19,94.15,39.54
1992,11.24,286.84,78.58,100.94,31.06
1992,8.82,283.64,78.34,100.34,33.58
1992,5.32,278.59,77.81,98.43,38.8
1992,6.4,260.32,75.74,95.68,39.52
1992,8.22,257.44,69.39,95.88,40.9
1992,10.8,283.86,78.22,100.56,31.88
1992,7.33,278.16,77.94,98.96,35.33
1992,3.92,265.78,77.72,95.22,38.42
1992,7.01,258.63,73.49,93.96,39.3
1992,7.82,258.18,66.81,95.65,41.11
1992,8.47,282.88,78.1,99.57,33.06
1992,5.01,274.66,77.78,96.84,36.77
1992,5.02,250.94,76.25,93.06,38.53
1992,7.51,250.06,71.03,92.44,39.26
1992,6.73,254.31,66.27,93.93,40.43
1992,6.29,278.27,77.72,98.29,34.95
1992,3.55,269.76,77.13,94.75,37.99
1992,6.73,256.16,73.66,92.21,38.72
1992,8.61,247.03,68.33,92.56,39.85
1992,8.11,246.16,66.18,93.09,40.31
1992,5.56,272.34,76.66,97.31,36.76
1992,3.78,262.23,76.06,93.51,38.85
1992,7.61,260.25,71.56,91.62,38.71
1992,9.26,246.65,66.66,92.43,39.98
1992,9.77,237.66,65.78,92.45,40.2
1992,10.52,287.69,78.72,101.05,29.59
1992,10.54,288.55,78.92,101.05,29.61
1992,10.59,289.75,79.34,101.04,29.58
1992,9.65,289.7,79.54,100.63,32.43
1992,9.04,286.78,79.5,99.88,35.24
1992,10.6,285.94,78.73,101.05,29.59
1992,10.65,286.19,78.84,101.04,29.82
1992,10.55,286.56,78.81,101.02,30.8
1992,7.1,286.91,78.94,99.67,35.96
1992,6.99,282.12,78.18,98.61,39.64
1992,10.4,285.36,78.75,101.04,29.77
1992,10.52,284.54,78.62,101.02,30.39
1992,10.25,283.47,77.38,100.95,33.1
1992,4.64,283.42,78.53,98.17,37.5
1992,4.8,279.23,76.9,97.25,40.3
1992,10.24,286.81,78.82,101.03,30.09
1992,9.91,284.69,78.68,100.96,31.17
1992,8.32,282.09,77.12,100.68,35.56
1992,3.02,280.52,78.9,95.94,37.55
1992,3.89,282.96,75.71,94.66,39.35
1993,11.38,291.36,79.12,101.01,30.07
1993,10.43,288.41,78.96,100.85,31.81
1993,7.73,284.03,78.16,100.21,37.18
1993,4.24,271.83,79.68,95.33,38.35
1993,6.22,276.6,75.62,94.15,39
1993,10.63,289.96,78.66,100.93,30.86
1993,9.11,287.32,78.44,100.34,33.66
1993,5.8,284.09,78.44,98.42,38.65
1993,6.14,264.27,77.46,95.67,39.65
1993,8.01,261.06,71.95,95.88,40.58
1993,9.23,286.71,78.32,100.55,31.71
1993,6.79,281.78,78.19,98.96,35.12
1993,3.79,271.66,78.72,95.22,38.3
1993,6.47,265.48,75.42,93.96,39.08
1993,7.3,265.01,69.32,95.65,40.86
1993,7.43,285.34,78.38,99.57,32.9
1993,4.47,278.16,78.44,96.84,36.49
1993,4.39,257.69,77.69,93.06,38.12
1993,6.86,259.61,72.99,92.44,38.88
1993,6.19,267.78,68.61,93.93,40.45
1993,5.99,280.34,78.34,98.29,34.79
1993,3.34,273.72,78.31,94.76,37.68
1993,6.02,263.72,75.41,92.22,38.35
1993,7.76,259.09,70.26,92.57,39.87
1993,7.33,264.58,68.26,93.09,40.61
1993,5.34,274.48,77.66,97.31,36.42
1993,3.6,267.88,77.62,93.51,38.12
1993,7.04,269,73.38,91.62,38.55
1993,8.24,263.95,68.45,92.43,40.33
1993,8.7,261.28,67.54,92.46,40.75
1993,11.23,289.96,80.01,101.04,29.52
1993,11.43,291.17,80.21,101.04,29.55
1993,11.37,292.84,80.53,101.03,29.87
1993,10.15,294.57,80.71,100.62,32.28
1993,9.51,292.79,80.6,99.87,35.29
1993,10.87,288.14,79.83,101.04,29.5
1993,10.81,288.53,79.83,101.03,29.82
1993,10.37,289.41,79.53,101.01,31.08
1993,7.09,292.03,79.86,99.66,35.88
1993,7.18,288.64,79.3,98.6,39.13
1993,10.64,287.54,79.64,101.03,29.52
1993,10.44,286.56,79.37,101.01,30.1
1993,9.82,285.78,77.84,100.94,32.4
1993,4.67,287.56,79.69,98.16,37.42
1993,4.91,286.09,78.6,97.25,39.7
1993,11.26,289.38,79.43,101.02,29.66
1993,10.71,287.19,79.16,100.95,30.52
1993,9.09,284.84,77.56,100.67,34.36
1993,3.25,284.49,80.21,95.93,37.36
1993,4.1,289.36,77.86,94.65,38.61
1994,10.43,286.82,79.14,100.99,29.84
1994,9.29,284.29,79.38,100.82,31.59
1994,6.72,280.31,79.66,100.19,37.69
1994,4,267.21,82.01,95.31,37.3
1994,5.93,271.21,79.09,94.13,37.64
1994,10.58,285.68,78.92,100.91,30.47
1994,8.65,283.29,79.13,100.31,33.01
1994,5.37,279.94,79.91,98.4,38.62
1994,6.09,259.26,79.51,95.65,39.06
1994,7.96,256.57,74.78,95.86,39.85
1994,10.17,282.98,78.76,100.53,31.46
1994,6.95,277.96,79.03,98.93,34.76
1994,3.91,266.78,80.03,95.2,37.91
1994,6.62,260.36,77.28,93.93,38.88
1994,7.46,260.04,71.66,95.63,40.57
1994,8.73,282.48,79.08,99.54,32.82
1994,4.87,275.05,79.44,96.81,36.41
1994,5.1,252.75,78.94,93.03,38.14
1994,7.31,254.48,74.51,92.42,38.65
1994,6.46,261.19,70.24,93.9,39.93
1994,6.67,278.24,79.22,98.26,34.91
1994,3.7,270.79,79.45,94.73,37.64
1994,6.93,258.31,76.62,92.19,38.48
1994,8.65,253.46,71.32,92.54,39.32
1994,7.92,258.04,69.01,93.06,39.78
1994,5.3,272.67,78.61,97.28,36.8
1994,3.77,264.01,78.87,93.48,38.24
1994,7.55,263.44,74.72,91.59,38.3
1994,9.15,257.96,69.27,92.4,39.51
1994,9.57,257.49,67.79,92.42,39.65
1994,10.27,289.01,79.36,101.01,29.8
1994,10.07,291.66,79.53,101.01,29.88
1994,9.67,294.94,79.88,101.01,30.12
1994,8.74,299.46,80.9,100.6,31.93
1994,8.27,299.13,81.92,99.85,34.15
1994,10.26,285.79,79.16,101.01,29.82
1994,9.79,287.45,79.28,101,29.96
1994,9.18,289.75,79.41,100.98,30.71
1994,6.84,294.95,81.58,99.64,34.13
1994,6.95,291.94,82.35,98.58,37.75
1994,10.36,284.04,79.1,101,29.81
1994,9.94,283.88,79.1,100.99,30.15
1994,8.98,283.88,78.5,100.92,31.98
1994,4.47,287.48,82.28,98.14,35.49
1994,4.72,286.84,82.49,97.23,38.39
1994,10.45,285.11,79.16,101,29.77
1994,9.86,283.41,79.23,100.93,30.65
1994,7.9,281.56,78.78,100.65,34.53
1994,2.96,281.61,82.88,95.92,36
1994,3.82,286.14,81.84,94.64,37.32
1995,10.09,291.44,79.03,100.96,30.19
1995,8.75,287.76,78.93,100.79,31.92
1995,6.54,282.56,78.41,100.16,36.8
1995,4.04,269.59,79.86,95.28,37.16
1995,6.11,272.19,74.93,94.1,37.86
1995,10.05,290.62,78.52,100.88,31.11
1995,8.06,286.85,78.1,100.28,33.8
1995,5.34,281.38,78,98.37,37.61
1995,6.36,260.52,76.62,95.62,38.58
1995,8.32,257.38,70.45,95.82,39.54
1995,9.22,288.24,78.18,100.5,32.18
1995,6.49,282.45,77.74,98.9,35.54
1995,3.96,270,77.97,95.17,37.21
1995,6.89,262.1,74.19,93.9,38.06
1995,7.74,261.06,67.7,95.6,39.71
1995,7.55,287.06,78.21,99.51,33.42
1995,4.47,279.29,78.01,96.78,36.7
1995,4.84,256.47,77.06,93,37.33
1995,7.22,257.79,72.06,92.39,37.71
1995,6.34,265.48,67.7,93.87,38.95
1995,5.85,282.23,78.12,98.23,35.21
1995,3.47,274.64,78.05,94.7,37.32
1995,6.44,261.31,75.12,92.16,37.37
1995,7.98,257.09,70.03,92.51,38.33
1995,7.29,263.61,68.41,93.04,39
1995,5.11,276.24,77.46,97.25,36.77
1995,3.77,267.64,77.74,93.46,37.57
1995,7.26,266.34,73.72,91.57,37.3
1995,8.41,260.19,69.12,92.38,38.7
1995,8.72,260.12,68.74,92.4,39.11
1995,9.59,291.73,79.84,100.99,29.79
1995,9.71,292.34,79.88,100.98,29.83
1995,9.97,293.06,80.03,100.98,30.08
1995,9.16,293.99,79.73,100.56,32.82
1995,8.91,292.96,79.38,99.81,35.16
1995,9.46,290.55,79.81,100.98,29.73
1995,9.52,290.52,79.74,100.97,30.02
1995,9.7,290.5,79.31,100.95,31.17
1995,6.94,292.05,79.19,99.6,35.42
1995,7.42,288.29,78.28,98.54,38.58
1995,9.48,289.74,79.71,100.98,29.76
1995,9.27,288.55,79.52,100.96,30.32
1995,9.25,287.25,78.09,100.88,32.53
1995,4.48,288.18,79.94,98.11,36.11
1995,5.01,284.38,78.08,97.19,38.78
1995,9.69,290.36,79.44,100.97,29.81
1995,9.05,287.86,79.38,100.9,30.74
1995,7.83,285.31,78.12,100.62,34.43
1995,2.89,284.31,80.92,95.88,35.93
1995,3.92,285.47,77.63,94.6,37.56
1996,11.37,288.99,79.53,100.93,29.91
1996,10.49,285.73,79.04,100.76,31.78
1996,8.47,281.41,77.44,100.13,37.87
1996,4.67,270.41,78.44,95.24,38.33
1996,6.18,276.04,74.28,94.06,39.06
1996,11.38,288.19,79.06,100.85,30.7
1996,9.65,284.71,78.28,100.25,33.6
1996,6.43,280.19,77.25,98.34,38.6
1996,6.85,263.01,75.78,95.58,39.41
1996,8.25,262.45,70.46,95.78,40.36
1996,10.49,285.91,78.6,100.47,31.84
1996,7.58,280.59,77.68,98.87,35.48
1996,4.27,270.19,77.16,95.13,37.96
1996,7.17,266.31,73.76,93.86,38.79
1996,7.73,267.89,68.16,95.56,40.5
1996,8.68,284.69,78.21,99.48,33.51
1996,5.09,277.81,77.25,96.75,37.05
1996,4.93,259.28,75.75,92.97,38.26
1996,7.38,264.41,71.75,92.35,38.66
1996,6.53,275.94,68.2,93.84,39.97
1996,6.81,280.16,77.32,98.2,35.71
1996,3.71,273.97,76.32,94.67,38.27
1996,6.87,265.72,73.22,92.12,38.91
1996,8.33,266.19,69.52,92.48,39.53
1996,7.64,278.58,68.63,93,39.99
1996,5.76,275.21,75.87,97.22,37.68
1996,4.04,269.11,75.21,93.42,39.11
1996,8.12,272.16,71.28,91.53,38.96
1996,9.13,273.98,68.18,92.34,39.68
1996,9.34,281.98,68.51,92.36,39.82
1996,10.62,289,79.56,100.96,29.53
1996,10.7,289.92,79.65,100.95,29.5
1996,10.79,291.38,79.88,100.95,29.85
1996,9.97,293.02,79.95,100.53,33.01
1996,9.48,291.02,80.14,99.78,35.29
1996,10.66,287.34,79.77,100.95,29.49
1996,10.72,287.77,79.73,100.94,29.7
1996,10.62,288.72,79.28,100.92,30.92
1996,7.73,290.57,79.18,99.57,36.41
1996,7.64,285.89,78.84,98.51,39.35
1996,10.84,286.79,79.94,100.95,29.58
1996,10.93,286.08,79.66,100.93,30.16
1996,11.21,285.66,77.81,100.85,32.76
1996,5.35,286.26,78.96,98.07,37.48
1996,5.06,281.59,77.79,97.16,39.81
1996,11.05,287.79,79.85,100.94,29.61
1996,10.84,285.79,79.46,100.87,30.7
1996,10.36,283.94,77.31,100.59,35.3
1996,3.74,282.99,79.34,95.85,37.36
1996,4.05,285.54,76.77,94.56,38.78
1997,9.82,288.02,79.43,101.06,30.77
1997,9.1,284.56,79.21,100.9,32.25
1997,6.9,279.16,78.53,100.27,36.86
1997,4.01,267.71,79.93,95.38,37.03
1997,5.85,271.82,75.89,94.21,37.77
1997,9.56,286.86,79.09,100.99,31.35
1997,8.28,282.94,78.57,100.39,33.68
1997,5.38,277.44,78.34,98.48,37.67
1997,6.07,259.86,77.22,95.73,38.41
1997,7.79,256.63,71.88,95.93,39.43
1997,8.79,284.36,78.81,100.61,32.25
1997,6.44,277.89,78.2,99.01,35.22
1997,3.75,265.19,78.38,95.27,37.04
1997,6.32,259.04,75.3,94.01,38.04
1997,7.07,258.53,69.49,95.71,39.86
1997,7.27,283.63,78.85,99.62,33.19
1997,4.3,275.22,78.32,96.89,36.15
1997,4.4,252.22,77.12,93.11,37.1
1997,6.46,252.47,73.2,92.5,37.76
1997,5.86,258.29,69.28,93.99,39.07
1997,5.75,279.11,78.45,98.34,34.51
1997,3.19,270.99,77.88,94.81,36.78
1997,5.95,257.72,74.75,92.27,37.23
1997,7.37,250.59,70.8,92.62,38.04
1997,7.06,253.26,69.42,93.15,38.44
1997,5.05,273.64,77.08,97.36,35.96
1997,3.46,264.8,76.79,93.57,37.12
1997,6.84,262.38,72.97,91.67,36.9
1997,7.95,251.25,69.37,92.49,37.93
1997,8.5,247.83,69.16,92.51,38.05
1997,9.21,286.56,79.38,101.09,30.07
1997,9.28,286.44,79.41,101.08,30.19
1997,9.12,286.34,79.53,101.08,30.37
1997,8.47,285.77,79.41,100.67,32.8
1997,8.16,283.47,79.56,99.92,35.04
1997,9.08,285.99,79.36,101.08,30.2
1997,9.06,285.45,79.32,101.08,30.47
1997,9.18,285,79.12,101.06,31.46
1997,6.63,285.75,79.45,99.71,35.92
1997,6.65,281.64,79.18,98.65,38.62
1997,9.24,285.64,79.49,101.08,30.43
1997,9.23,284.16,79.28,101.06,30.98
1997,9.27,282.44,78.16,100.99,32.92
1997,4.45,282.76,80.23,98.21,36.78
1997,4.55,279.84,79.16,97.3,38.89
1997,9.59,286.79,79.56,101.07,30.56
1997,9.31,284.29,79.37,101,31.46
1997,8.27,281.19,78.22,100.72,34.62
1997,3.02,279.79,80.99,95.99,36.16
1997,3.74,283.45,78.59,94.71,37.54
1998,10.78,286.02,79.47,100.96,31.13
1998,9.07,283.12,79.45,100.8,32.99
1998,6.57,278,79,100.17,38.85
1998,3.86,266.88,80.3,95.29,38.73
1998,5.92,269.27,75.92,94.11,40.05
1998,10.24,284.74,79.23,100.88,31.92
1998,7.8,281.29,79.12,100.29,34.8
1998,5.13,275.22,79.34,98.38,39.5
1998,5.91,257.59,78.04,95.63,39.92
1998,7.9,255.74,72.08,95.83,41.53
1998,8.8,282.35,79.11,100.5,32.96
1998,6.11,276.64,79.12,98.91,36.6
1998,3.79,263.69,79.88,95.18,38.63
1998,6.57,256.39,76.55,93.91,39.48
1998,7.5,255.8,70.32,95.61,41.59
1998,6.75,281,79.36,99.52,34.37
1998,4.14,273.34,79.59,96.79,37.8
1998,4.85,250.56,79.09,93.02,38.48
1998,7.35,250.39,74.84,92.41,39.19
1998,6.58,253.64,70.91,93.89,40.71
1998,5.28,275.1,79.36,98.24,36.39
1998,3.24,267.13,79.54,94.71,38.66
1998,6.82,254.16,76.94,92.17,38.91
1998,8.69,248.13,72.79,92.52,39.86
1998,8.02,247.71,71.51,93.05,40.45
1998,4.72,267.99,78.52,97.26,38.27
1998,3.74,258.81,78.77,93.47,39.32
1998,7.91,257.81,74.97,91.58,39.17
1998,9.36,247.71,71.39,92.39,40.26
1998,9.61,242.32,71.23,92.41,40.43
1998,11.32,286.82,79.55,101,30.97
1998,10.26,287.69,79.71,100.99,30.96
1998,9.88,289.06,80.03,100.99,30.98
1998,9.06,289.21,80.68,100.57,33.63
1998,8.53,285.27,81.2,99.83,35.99
1998,11,285.46,79.59,100.99,31.11
1998,10.32,285.89,79.72,100.98,31.23
1998,10.04,286.69,79.72,100.96,31.92
1998,7.07,286.81,80.87,99.62,36.63
1998,6.97,280.23,80.86,98.56,40.05
1998,10.78,284.8,79.63,100.98,31.08
1998,10.58,284.3,79.62,100.96,31.51
1998,10.07,283.88,78.59,100.89,33.64
1998,4.75,283.42,80.84,98.12,37.77
1998,4.67,276.51,79.96,97.2,40.78
1998,11.05,285.45,79.6,100.98,30.93
1998,10.39,283.89,79.56,100.91,31.9
1998,8.29,282.09,78.44,100.63,36.15
1998,3.01,280.29,81.16,95.9,37.71
1998,3.8,278.98,78.77,94.62,39.74
1999,9.68,283.63,79.69,100.93,30.25
1999,8.82,281.02,79.48,100.76,32.41
1999,6.67,277.09,78.78,100.13,37.68
1999,3.84,266.42,80.58,95.25,37.74
1999,5.98,273.14,76.55,94.07,38.6
1999,9.62,282.48,79.37,100.85,31.15
1999,8.01,279.71,79.01,100.25,34.27
1999,5.11,275.69,78.91,98.34,38.35
1999,5.67,259.14,77.53,95.59,39.3
1999,7.7,260.31,71.92,95.79,40.47
1999,8.85,280.26,79.19,100.46,32.09
1999,6.5,275.54,78.9,98.87,35.52
1999,3.59,265.94,79.25,95.14,37.94
1999,6.2,263.06,75.18,93.87,39.06
1999,7.08,265.98,68.94,95.56,41.04
1999,7.22,279.88,79.26,99.48,33.39
1999,4.39,273.48,79.21,96.75,36.48
1999,4.33,255.88,78.44,92.97,38.11
1999,6.76,261.3,73.24,92.36,38.73
1999,6.02,273.4,68.81,93.84,40.22
1999,5.56,275.94,79.11,98.2,35.2
1999,3.24,269.39,79.1,94.67,37.59
1999,6.02,260.81,76.38,92.13,38.83
1999,7.68,260.84,71.45,92.48,39.52
1999,7.07,273.54,69.56,93,40
1999,4.74,270.76,78.49,97.22,36.72
1999,3.54,262.97,78.56,93.43,38.2
1999,6.99,263.59,74.56,91.54,38.99
1999,8.18,262.24,70.21,92.35,39.94
1999,8.37,269.93,69.5,92.37,40
1999,10.34,282.03,80.29,100.96,29.36
1999,10.58,283.26,80.34,100.96,29.34
1999,10.86,285.53,80.44,100.95,29.5
1999,9.93,288.61,81.24,100.54,32.19
1999,9.2,287.71,82.17,99.79,34.59
1999,10.44,280.79,80.16,100.96,29.41
1999,10.61,281.39,80.18,100.95,29.68
1999,10.61,282.94,80,100.93,31.05
1999,7.4,286.19,81.72,99.58,35.48
1999,6.81,283.04,82.48,98.52,38.32
1999,10.27,280.79,80.11,100.95,29.48
1999,10.21,280.3,80,100.93,30.2
1999,9.86,280.12,78.88,100.86,33.15
1999,4.63,282.23,81.75,98.08,36.93
1999,4.46,280.31,81.62,97.17,39.2
1999,9.92,282.37,79.97,100.94,29.65
1999,9.65,280.79,79.8,100.87,30.94
1999,8.32,279.19,78.5,100.59,35.51
1999,3.02,279.21,81.88,95.86,36.86
1999,3.86,283.72,79.94,94.57,38.37
2000,10.8,294.05,79.74,100.9,29.96
2000,9.44,291.38,79.54,100.74,31.42
2000,7.15,287.16,78.56,100.1,36.01
2000,4.36,275.06,79.74,95.22,36.34
2000,6.29,277.9,75.21,94.04,37.95
2000,10.6,292.78,79.42,100.82,30.63
2000,8.59,289.69,78.78,100.23,32.95
2000,5.55,285.19,78.03,98.31,37.59
2000,6.63,265.81,76.26,95.56,38.29
2000,8.44,264.77,70.82,95.76,39.88
2000,9.74,290.31,79.03,100.44,31.46
2000,6.81,285.21,78.21,98.85,34.63
2000,4.01,274.81,77.78,95.11,37.41
2000,7.11,269.74,73.81,93.84,38.46
2000,7.81,270.89,68.14,95.54,40.68
2000,7.75,289.17,78.8,99.46,32.68
2000,4.58,282.44,78.01,96.73,36.07
2000,5.05,263.34,76.44,92.95,37.62
2000,7.49,268.32,71.91,92.34,38.42
2000,6.56,277.48,68.25,93.82,40.12
2000,5.98,284.54,78.3,98.18,34.64
2000,3.46,278.26,77.53,94.65,37.19
2000,6.84,268.66,74.12,92.11,38.3
2000,8.32,269.11,70.03,92.46,39.1
2000,7.63,277.26,68.81,92.98,39.66
2000,5.31,278.71,77.3,97.2,36.66
2000,3.79,271.74,76.84,93.41,38.31
2000,7.6,273.59,72.47,91.51,38.79
2000,8.79,273.24,68.87,92.33,39.55
2000,9.22,276.25,68.66,92.35,39.38
2000,10.71,293.26,79.87,100.93,29.81
2000,10.51,294.71,79.97,100.93,29.84
2000,10.66,296.28,80.22,100.92,29.93
2000,9.83,296.93,80.04,100.5,32.08
2000,9.17,293.81,79.79,99.75,34.05
2000,10.31,292.54,79.84,100.93,29.8
2000,10.05,293.71,79.89,100.92,29.81
2000,10.35,294.78,79.69,100.9,30.2
2000,7.35,295.96,79.84,99.55,34.45
2000,7.53,290.06,79.24,98.49,36.83
2000,10.33,292.46,79.86,100.92,29.74
2000,9.97,292.64,79.77,100.9,29.91
2000,10.18,292.47,78.59,100.83,31.06
2000,4.9,293.49,80.42,98.05,34.81
2000,5.26,287.15,78.85,97.13,37.4
2000,10.7,293.37,79.85,100.91,29.72
2000,9.83,292.19,79.78,100.84,30.4
2000,8.8,290.72,78.5,100.56,33.08
2000,3.27,290.52,81.12,95.83,34.8
2000,4.15,289.59,77.99,94.54,37.21
2001,10.39,292.98,79.68,100.95,30.47
2001,9.21,290.16,79.9,100.79,31.67
2001,6.51,285.78,79.88,100.16,36.44
2001,3.79,273.23,80.9,95.28,37.21
2001,6.19,275.1,76.79,94.1,38.61
2001,10.64,292.41,79.45,100.88,31.03
2001,8.23,289.45,79.54,100.28,32.93
2001,4.96,284.88,79.84,98.37,37.64
2001,5.85,264.9,77.94,95.62,38.93
2001,8.22,261.97,72.16,95.82,40.4
2001,9.99,290.11,79.36,100.5,31.8
2001,6.58,285.03,79.36,98.9,34.52
2001,3.53,273.66,79.69,95.17,37.61
2001,6.69,267.51,75.44,93.9,39.03
2001,7.8,267.39,69.16,95.59,40.95
2001,7.62,289.16,79.51,99.51,32.7
2001,4.42,282.02,79.42,96.78,35.89
2001,4.62,260.59,78.25,93.01,37.85
2001,7.46,264.29,73.2,92.39,38.45
2001,6.76,272.16,68.96,93.87,39.86
2001,5.46,284.36,79.38,98.24,34.43
2001,3.25,277.27,79.01,94.71,37.18
2001,6.64,265.12,75.69,92.17,38
2001,8.56,264.25,70.89,92.51,38.69
2001,8.05,271.4,69.37,93.04,39.26
2001,4.5,278.41,78.52,97.26,36.34
2001,3.6,270.58,78.09,93.46,37.95
2001,7.59,270.53,73.44,91.57,37.61
2001,9.01,269.21,69.31,92.38,38.55
2001,9.73,272.1,69.12,92.4,38.85
2001,9.95,292.34,80.29,100.98,30.26
2001,9.59,293.74,80.49,100.98,30.28
2001,9.48,295.22,80.84,100.97,30.27
2001,9.02,296.32,81.54,100.56,32.29
2001,8.38,294.08,82.28,99.81,34.89
2001,9.94,290.96,80.04,100.98,30.34
2001,9.54,292.03,80.2,100.97,30.4
2001,9.27,293.03,80.25,100.95,30.74
2001,6.77,294.66,81.6,99.6,35.52
2001,6.67,289.85,82.01,98.54,38.89
2001,9.96,290.19,79.94,100.97,30.43
2001,9.61,290.24,79.99,100.95,30.76
2001,9.24,290.19,79.22,100.88,32.16
2001,4.43,291.21,81.62,98.1,36.63
2001,4.54,286.48,81.24,97.19,39.75
2001,10.23,291.29,79.88,100.97,30.44
2001,9.65,289.84,79.99,100.89,31.15
2001,8.15,288.34,79.31,100.62,34.16
2001,2.97,287.59,81.91,95.88,36.37
2001,3.95,287.71,79.92,94.6,38.67
2002,10.66,292.41,79.31,101,30.37
2002,9.62,288.69,79.02,100.83,32.25
2002,6.51,284.06,77.84,100.2,38.09
2002,3.81,271.71,78.79,95.32,37.9
2002,5.85,275.88,74.36,94.15,38.48
2002,10.29,291.19,78.9,100.92,31.27
2002,8.6,287.54,78.29,100.32,34.21
2002,5.19,283.59,77.56,98.41,38.99
2002,5.67,264.62,75.34,95.67,39.53
2002,7.68,261.26,69.44,95.87,40.26
2002,9.29,288.34,78.6,100.54,32.46
2002,6.31,282.35,77.89,98.95,36.21
2002,3.57,271.12,77.44,95.21,38.71
2002,6.1,266.23,72.66,93.95,39.65
2002,7.1,266.2,66.26,95.64,40.91
2002,7.62,287.33,78.69,99.56,33.72
2002,4.12,279.21,77.96,96.83,37.35
2002,4.25,257.28,75.94,93.06,38.93
2002,6.52,259.71,70.14,92.44,39.55
2002,5.94,269.78,65.71,93.92,40.43
2002,6.01,282.51,78.56,98.28,35.69
2002,3.2,274.89,77.54,94.75,38.3
2002,5.94,262.34,73.06,92.21,39.26
2002,7.5,256.89,67.49,92.56,40.22
2002,6.98,266.18,65.78,93.09,40.59
2002,5.46,276.35,77.66,97.3,37.84
2002,3.41,268.36,76.54,93.51,39.28
2002,6.86,266.53,70.59,91.62,39.22
2002,8.12,258.86,65.77,92.43,40.42
2002,8.46,261.44,65.35,92.45,40.64
2002,9.83,293.26,79.19,101.02,30.03
2002,9.77,294,79.36,101.02,30.08
2002,9.77,294.5,79.66,101.01,30.23
2002,8.98,296.75,79.61,100.6,32.78
2002,8.63,297.05,79.78,99.85,34.59
2002,9.93,290.24,79.26,101.02,30.08
2002,9.59,290.38,79.36,101.01,30.42
2002,9.2,290.25,79.19,100.99,31.55
2002,6.91,293.6,79.44,99.64,35.62
2002,7.05,291.76,79.39,98.59,37.9
2002,9.92,289.21,79.34,101.01,30.17
2002,9.45,288.01,79.23,100.99,30.86
2002,8.7,286.41,77.91,100.92,33.56
2002,4.44,288.26,79.91,98.15,36.74
2002,4.65,287.67,79.17,97.24,38.49
2002,10.24,290.75,79.42,101.01,30.15
2002,9.63,288.07,79.22,100.94,31.24
2002,7.68,285.22,77.62,100.66,35.71
2002,2.9,284.42,80.3,95.93,36.85
2002,3.79,289.21,77.89,94.65,37.94
2003,8.71,288.02,78.37,100.99,31
2003,7.8,284.04,78.62,100.82,32.71
2003,5.95,279.59,78.75,100.2,36.57
2003,3.42,266.07,80.22,95.32,36.21
2003,4.89,272.21,75.92,94.15,36.99
2003,8.63,286.94,77.94,100.91,31.67
2003,7.14,282.82,77.99,100.31,34.15
2003,4.66,278.09,78.34,98.41,37.19
2003,5.16,256.39,76.54,95.67,37.85
2003,6.57,253.16,70.66,95.87,39.11
2003,8.17,284.52,77.72,100.53,32.5
2003,5.95,278.05,77.66,98.94,35.35
2003,3.24,265.5,77.91,95.21,36.65
2003,5.58,258.55,73.66,93.95,37.71
2003,6.17,257.06,67.32,95.65,39.91
2003,6.61,284.18,77.89,99.55,33.62
2003,4.05,275.56,77.71,96.82,36.31
2003,3.76,251.81,76.28,93.05,37.13
2003,5.89,252.86,70.88,92.44,37.89
2003,5.23,259.35,66.42,93.92,39.58
2003,4.78,279.66,77.75,98.27,35.2
2003,2.84,271.06,77.18,94.75,36.97
2003,5.16,257.06,73.38,92.21,37.81
2003,6.58,250.56,67.8,92.56,38.92
2003,6.13,256.08,65.82,93.08,39.51
2003,4.04,273.69,76.72,97.29,36.8
2003,3.12,264.37,76,93.51,37.6
2003,6.1,262.09,70.62,91.62,37.83
2003,7.12,253.62,65.53,92.43,39.25
2003,7.48,253.86,64.78,92.45,39.43
2003,9.2,293.39,79.08,101.02,30.74
2003,9.33,294.94,78.99,101.01,30.8
2003,9.23,297.09,79.09,101.01,30.84
2003,8.23,302.47,79.67,100.6,32.71
2003,7.85,304.17,80.43,99.85,34.3
2003,8.91,289.32,78.84,101.01,30.74
2003,9.04,290.22,78.73,101,30.93
2003,9.12,291.72,78.66,100.98,31.48
2003,6.38,298.22,80.26,99.64,34.42
2003,6.25,296.38,80.88,98.59,36.34
2003,8.81,286.85,78.78,101.01,30.69
2003,8.91,286.26,78.71,100.99,31.15
2003,8.93,286.28,78.03,100.92,32.73
2003,4.15,290.73,81.31,98.15,34.85
2003,4.09,290.4,80.96,97.24,36.49
2003,8.76,286.97,78.68,101,30.67
2003,8.47,284.51,78.81,100.93,31.57
2003,7.46,282.91,78.31,100.65,34.47
2003,2.69,283.51,81.84,95.93,34.8
2003,3.21,290.48,79.72,94.65,36
2004,10.41,292.96,79.61,100.99,30.19
2004,8.65,290.16,79.63,100.83,32.22
2004,6.26,286.28,78.91,100.2,38.11
2004,3.84,272.71,80.21,95.32,37.99
2004,5.77,279.81,76.88,94.15,39.1
2004,10.53,290,79.16,100.92,31.16
2004,8.06,287.91,78.99,100.32,34.34
2004,5.27,285.94,78.72,98.41,39.26
2004,6.17,264.91,77.49,95.67,39.4
2004,7.88,263.09,72.72,95.87,40.79
2004,9.76,285.29,78.74,100.54,32.27
2004,6.6,280.89,78.44,98.94,36.19
2004,3.92,272.22,78.44,95.21,38.69
2004,6.77,267.49,75.26,93.95,38.93
2004,7.41,270.42,70.08,95.65,41.02
2004,7.87,283.35,78.75,99.55,33.75
2004,4.54,276.71,78.42,96.82,37.35
2004,4.69,258.16,77.12,93.05,38.55
2004,7.08,260.68,73.15,92.44,38.78
2004,6.22,276.42,69.79,93.93,40.33
2004,6.03,278.14,78.46,98.27,35.75
2004,3.38,272.04,77.97,94.75,38.06
2004,6.28,264.56,74.72,92.21,38.7
2004,7.82,258.66,70.99,92.57,39.65
2004,7.25,273.01,70.01,93.09,40.35
2004,5.31,272.72,77.37,97.29,37.55
2004,3.7,266.46,76.91,93.5,38.8
2004,7.32,268.78,72.66,91.62,38.71
2004,8.49,264.58,69.48,92.43,39.92
2004,8.94,272.38,69.57,92.46,40.29
2004,11.58,294.38,79.62,101.02,30.16
2004,11.29,296.81,79.6,101.01,30.31
2004,10.8,299.44,79.75,101.01,30.45
2004,9.13,303.96,80.38,100.6,33.02
2004,8.2,306.74,81.3,99.85,35.25
2004,11.15,291.79,79.58,101.01,29.98
2004,10.65,292.96,79.56,101.01,30.21
2004,10.02,294.44,79.41,100.99,31.01
2004,6.66,299.34,80.63,99.64,36.19
2004,6.37,299.55,81.16,98.59,38.92
2004,11.02,290.49,79.59,101.01,29.92
2004,10.37,289.71,79.51,100.99,30.45
2004,9.3,289.03,78.41,100.92,32.55
2004,4.27,291.96,80.83,98.15,37.12
2004,4.32,294.41,80.63,97.24,39.47
2004,10.65,291.79,79.68,101,29.83
2004,9.6,289.45,79.62,100.94,30.9
2004,7.59,287,78.38,100.66,35.14
2004,2.76,286.82,81.2,95.92,36.91
2004,3.61,295.58,79.64,94.65,38.61
2005,9.47,292.19,79.94,100.97,30.53
2005,8.38,289.09,80.29,100.8,31.98
2005,6.16,283.81,80.59,100.17,36.58
2005,3.75,270.79,82.29,95.3,36.35
2005,6.13,274.43,78.86,94.12,37.15
2005,9.25,291.25,79.75,100.89,31.25
2005,7.68,287.34,79.75,100.29,33.47
2005,4.96,281.47,80.12,98.39,37.39
2005,5.82,262.97,79.45,95.64,37.83
2005,8.05,262.23,74.65,95.84,39.23
2005,8.42,289.37,79.66,100.51,32.13
2005,6.08,283.03,79.44,98.92,35.03
2005,3.61,271.03,79.72,95.19,37.16
2005,6.52,266.83,77.09,93.92,38.33
2005,7.54,267.99,72.03,95.62,40.23
2005,6.86,289.01,79.78,99.53,33.22
2005,4.16,280.93,79.54,96.8,36.22
2005,4.51,260.41,78.44,93.03,37.81
2005,7.08,264.86,74.99,92.42,38.95
2005,6.43,273.58,71.89,93.9,39.84
2005,5.38,284.96,79.56,98.25,34.9
2005,3.25,277.31,79.2,94.72,37.35
2005,6.33,267.19,76.25,92.19,38.96
2005,8.02,265.66,72.9,92.54,39.91
2005,7.54,273.32,72.18,93.06,39.67
2005,4.81,279.59,78.54,97.27,36.7
2005,3.65,271.73,78.29,93.48,38.6
2005,7.37,274.38,74.47,91.59,39.38
2005,8.67,271.77,71.64,92.41,40.26
2005,9.09,273.09,71.89,92.43,39.72
2005,10.54,288.12,80.09,101,30.59
2005,10.61,288.06,80.34,100.99,30.56
2005,10.56,288.19,80.59,100.99,30.69
2005,8.98,288.71,81.17,100.58,33.17
2005,8.14,286.35,82.02,99.83,35.43
2005,10.54,288.94,80.18,100.99,30.51
2005,10.27,288.68,80.46,100.98,30.61
2005,9.65,288.16,80.53,100.96,31.17
2005,6.51,288.68,81.86,99.62,36.33
2005,6.48,283.88,82.47,98.56,38.95
2005,10.03,289.88,80.17,100.98,30.37
2005,9.6,288.99,80.43,100.97,30.79
2005,8.62,287.31,79.91,100.9,32.44
2005,4.12,287.01,82.68,98.12,36.81
2005,4.47,282.01,82.49,97.21,38.88
2005,9.47,291.27,80.07,100.98,30.33
2005,8.81,289.52,80.43,100.91,31.2
2005,7.31,286.84,80.16,100.63,34.47
2005,2.74,284.64,83.28,95.9,35.81
2005,3.9,285.12,81.66,94.62,37.08
2006,10.26,291.32,79.29,100.99,29.83
2006,9.06,288.47,79.39,100.83,31.53
2006,6.44,284.09,79.31,100.2,36.75
2006,4.02,268.92,81.54,95.32,36.93
2006,5.97,273.58,78.68,94.15,37.91
2006,10.1,289.16,78.98,100.91,30.6
2006,8.07,287.2,79.07,100.32,33.31
2006,5.26,285,79.72,98.41,37.8
2006,6.3,262,79.69,95.67,38.64
2006,8.03,259.19,74.91,95.87,40.21
2006,9.99,284.96,78.66,100.53,31.36
2006,6.73,280.62,78.82,98.94,34.69
2006,3.82,271.34,79.97,95.21,37.32
2006,6.66,265.97,77.82,93.95,38.76
2006,7.46,266.65,72.31,95.65,41.05
2006,8.52,283.56,78.68,99.55,32.65
2006,4.87,276.84,79.04,96.82,35.91
2006,4.66,256.59,79.09,93.05,37.81
2006,6.97,260.37,75.39,92.44,38.84
2006,6.27,270.71,71.58,93.93,40.26
2006,6.37,278.04,78.57,98.27,34.66
2006,3.56,271.57,78.89,94.75,37.15
2006,6.51,261.34,76.97,92.21,38.58
2006,8.01,258.12,72.57,92.56,39.56
2006,7.48,267.49,71.06,93.09,39.93
2006,5.34,271.42,77.88,97.29,36.31
2006,3.83,264.02,78.16,93.5,37.98
2006,7.67,264.5,74.91,91.61,38.54
2006,8.71,261,70.43,92.43,39.61
2006,9.13,265.19,69.99,92.45,39.57
2006,10.7,291.13,80.11,101.02,29.87
2006,10.66,294.08,80.32,101.02,29.84
2006,10.64,297.38,80.75,101.01,29.71
2006,9.72,301.08,81.8,100.6,31.95
2006,9.19,299.64,82.61,99.86,34.47
2006,10.5,287.75,79.76,101.01,29.77
2006,10.25,289.77,79.86,101.01,29.88
2006,9.89,292.22,80.06,100.99,30.48
2006,6.89,296.84,82.21,99.64,34.5
2006,6.73,293.56,82.94,98.59,37.84
2006,10.28,286.2,79.52,101.01,29.57
2006,9.77,285.92,79.41,100.99,30.03
2006,8.83,285.88,78.66,100.92,32.08
2006,4.17,289.42,82.06,98.15,35.56
2006,4.52,289.28,82.42,97.24,38.14
2006,10.39,288.67,79.42,101,29.51
2006,9.54,286.39,79.32,100.93,30.41
2006,7.42,283.94,78.47,100.66,34.16
2006,2.74,283.89,82.07,95.93,35.65
2006,3.79,289.46,81.24,94.65,37.22
2007,10.15,285.77,78.76,100.94,30.46
2007,8.89,283.33,78.74,100.78,31.96
2007,6,279.03,78.22,100.15,37.27
2007,3.76,265.58,79.89,95.27,37.68
2007,5.5,271.67,75.64,94.1,38.06
2007,9.6,284.56,78.56,100.86,31.09
2007,7.69,282.36,78.57,100.27,33.47
2007,4.71,278.69,78.84,98.36,38.24
2007,5.88,256.96,77.94,95.62,38.87
2007,7.43,255.17,71.94,95.82,39.62
2007,8.73,281.89,78.54,100.48,32.02
2007,6,277.18,78.74,98.89,35.23
2007,3.46,265.38,79.44,95.16,37.75
2007,6.29,256.7,76.29,93.9,38.29
2007,6.99,258.34,69.88,95.6,39.94
2007,7.21,280.52,78.97,99.5,33.18
2007,4.16,273.25,79.37,96.77,36.62
2007,4.36,249.5,78.72,93,37.75
2007,6.64,248,74.27,92.4,37.74
2007,5.92,257.45,69.89,93.88,39.04
2007,5.7,274.16,79.22,98.22,34.81
2007,3.15,266.69,79.44,94.7,37.44
2007,6.07,253.81,76.59,92.16,37.82
2007,7.72,244.24,71.94,92.52,38.26
2007,7.14,249.12,70.18,93.04,38.8
2007,4.99,266.97,78.82,97.24,36.29
2007,3.53,258.74,78.91,93.46,37.8
2007,7.27,257.34,74.56,91.57,37.64
2007,8.72,244.77,70.54,92.38,38.69
2007,8.95,241.72,70.02,92.41,38.84
2007,10.8,285.85,79.19,100.97,29.97
2007,10.64,287.71,79.37,100.97,30
2007,10.32,290.03,79.72,100.96,30.11
2007,9.19,293.88,80.62,100.55,32.78
2007,8.52,294.51,80.84,99.81,35.14
2007,10.76,283.69,79.01,100.96,30.09
2007,10.46,284.8,79.06,100.96,30.29
2007,9.7,286.25,79.06,100.94,31.01
2007,6.8,290.42,80.61,99.59,36.18
2007,6.62,288.88,80.59,98.54,39.14
2007,10.66,282.82,78.98,100.96,30.23
2007,10.23,282.48,78.81,100.94,30.71
2007,8.92,282,77.69,100.87,32.74
2007,4.15,284.38,80.26,98.1,37.47
2007,4.32,284.48,79.69,97.19,39.6
2007,10.49,284.24,78.91,100.95,30.3
2007,9.74,282.56,78.73,100.88,31.17
2007,7.46,280.44,77.41,100.61,34.94
2007,2.69,279.74,80.43,95.88,37.13
2007,3.51,286.16,78.36,94.6,38.18
2008,9.53,292.24,78.69,100.93,30.34
2008,8.7,289.26,78.8,100.76,32.17
2008,6.79,285.69,79.25,100.13,36.74
2008,3.8,270.94,81.58,95.26,34.35
2008,5.55,276.31,77.49,94.09,35.72
2008,9.73,290.11,78.41,100.85,30.93
2008,7.49,287.83,78.55,100.25,33.55
2008,4.86,286.66,79.62,98.35,36.83
2008,5.44,263.68,79.28,95.61,36.29
2008,7.22,261.01,74.31,95.81,37.93
2008,9.71,286.3,78.37,100.47,31.73
2008,5.93,281.62,78.74,98.88,34.54
2008,3.39,272.72,80.06,95.15,35.65
2008,5.79,267.27,77.36,93.89,36.65
2008,6.61,269.69,72.28,95.59,38.97
2008,8.04,284.93,78.71,99.49,33
2008,4.37,277.67,79.42,96.76,35.16
2008,4.39,256.72,79.5,92.99,35.51
2008,6.29,259.82,75.65,92.39,36.76
2008,5.59,276.76,72.38,93.87,38.56
2008,5.71,279.83,78.88,98.21,34.46
2008,3.28,272.38,79.59,94.69,35.45
2008,5.98,261.03,77.72,92.16,35.78
2008,7.35,256.76,74.07,92.51,37.57
2008,6.73,273.16,72.93,93.03,38.57
2008,4.45,273.31,78.36,97.23,35.64
2008,3.33,264.43,79.09,93.45,35.74
2008,6.77,262.66,76.06,91.56,35.78
2008,7.82,257.58,72.96,92.38,38.24
2008,8.08,264.6,72.66,92.4,38.99
2008,9.91,291.73,79.52,100.95,29.44
2008,9.55,292.04,79.53,100.95,29.52
2008,9.51,292.81,79.66,100.95,29.8
2008,8.72,295.49,80.73,100.53,31.87
2008,8.53,295.01,81,99.79,33.25
2008,9.76,289.89,79.28,100.95,29.46
2008,9.22,289.92,79.28,100.94,29.72
2008,8.7,290.34,79.25,100.92,30.92
2008,6.32,294.29,81.78,99.58,34.06
2008,6.66,291.62,81.94,98.53,35.74
2008,9.27,289.02,79.08,100.94,29.56
2008,9.16,287.79,79.02,100.92,30.12
2008,8.48,286.69,78.34,100.85,32.71
2008,4.08,289.64,82.27,98.08,34.46
2008,4.55,288.18,81.47,97.18,35.68
2008,9.48,290.62,78.92,100.94,29.83
2008,9.12,288.1,78.91,100.87,30.86
2008,7.94,285.5,78.44,100.59,34.83
2008,2.87,285.62,82.46,95.86,33.61
2008,3.68,290.92,79.92,94.59,34.86
2009,9.36,283.46,79.19,100.96,30.41
2009,8.43,281.96,79.18,100.8,32.07
2009,6.61,279.44,78.5,100.17,37.41
2009,3.78,266.69,79.75,95.29,37.29
2009,5.59,271.99,74.08,94.12,38.14
2009,9.34,282.17,79,100.88,31.1
2009,7.72,280.23,78.86,100.29,33.7
2009,5.23,277.62,78.69,98.38,38.19
2009,5.7,257.73,77.09,95.64,38.61
2009,7.35,257.12,70.78,95.84,39.88
2009,8.68,279.81,78.98,100.5,32.01
2009,6.13,275.25,78.81,98.91,35.19
2009,3.62,265.25,78.81,95.18,37.52
2009,6.2,260.02,74.69,93.92,38.06
2009,6.98,262.47,68.28,95.62,40.35
2009,7.03,279.1,79.32,99.52,33.2
2009,4.11,272.55,79.1,96.79,36.33
2009,4.26,252.88,77.62,93.02,37.48
2009,6.67,254.58,72.35,92.41,37.89
2009,6.1,266.34,67.92,93.9,39.78
2009,5.35,274.22,79.32,98.24,34.87
2009,3.11,267.87,78.85,94.72,37.18
2009,6.03,258.59,75.38,92.18,37.66
2009,7.75,253.02,70.22,92.54,38.59
2009,7.37,263.79,68.41,93.06,39.4
2009,4.56,268.56,78.53,97.26,36.32
2009,3.45,261.46,78.08,93.48,37.63
2009,7.17,261.53,73.66,91.59,37.74
2009,8.57,254.58,69.23,92.4,38.72
2009,9.07,259.41,68.61,92.42,38.94
2009,10.32,285.17,79.03,100.99,30.15
2009,10.66,287.46,79.22,100.99,30.18
2009,12.21,290.56,79.62,100.98,30.2
2009,10.69,293.96,80.12,100.57,32.79
2009,10.43,293.07,79.41,99.82,35.08
2009,10.84,283.57,78.92,100.99,30.23
2009,11.02,285.39,79.03,100.98,30.34
2009,11.44,287.94,79.16,100.96,30.95
2009,7.58,292.36,80.06,99.61,35.93
2009,7.32,288.84,78.46,98.56,38.69
2009,11.21,282.36,79.07,100.98,30.23
2009,10.98,283.09,78.98,100.96,30.6
2009,10.15,284.06,78.03,100.89,32.5
2009,4.7,287.31,80.28,98.12,36.79
2009,4.69,285.14,77.56,97.21,39.08
2009,10.24,282.68,79.24,100.98,30.21
2009,9.7,282.27,79.16,100.91,31.07
2009,8.2,281.97,77.94,100.63,34.87
2009,2.97,282.44,80.64,95.9,36.36
2009,3.73,286.37,76.21,94.62,37.89
2010,11.5,280.98,79.99,100.93,31.09
2010,10.3,278.75,80.26,100.77,32.84
2010,6.79,274.88,80.31,100.14,38.36
2010,3.78,264.08,81.21,95.27,37.68
2010,5.38,268.44,75.66,94.09,38.1
2010,10.27,280.55,79.86,100.85,31.95
2010,8.52,277.79,80.14,100.26,34.45
2010,5.02,273.19,80.59,98.36,38.6
2010,5.46,256.99,78.77,95.61,38.81
2010,6.98,255.51,72.65,95.81,39.84
2010,8.79,279.09,80.04,100.47,32.7
2010,6.25,273.9,80.46,98.88,35.72
2010,3.39,262.5,80.94,95.16,37.76
2010,5.67,258.23,76.84,93.89,38.7
2010,6.35,258.11,70.81,95.59,40.5
2010,6.96,278.77,80.72,99.49,33.47
2010,4.1,271.77,81.3,96.77,36.66
2010,3.97,251.34,80.25,93,38.02
2010,5.96,253.57,75.12,92.39,38.66
2010,5.38,259.62,70.97,93.87,39.96
2010,5.15,274.36,81.24,98.21,35.11
2010,2.99,267.47,81.69,94.69,37.51
2010,5.43,256.47,78.47,92.16,38.41
2010,6.9,251.87,73.34,92.51,39.05
2010,6.55,256.53,71.41,93.03,39.63
2010,4.21,268.68,80.98,97.24,36.64
2010,3.27,260.82,81.42,93.45,37.79
2010,6.52,260.22,77.09,91.56,38.03
2010,7.7,253.24,72.37,92.37,39.05
2010,8.17,253.52,71.28,92.4,39.36
2010,11.77,280.63,79.83,100.96,30.56
2010,11.75,281.48,79.99,100.96,30.57
2010,11.53,283.12,80.31,100.96,30.6
2010,10.81,285.58,80.94,100.55,33.16
2010,10.16,283.49,80.31,99.8,35.27
2010,11.95,279.4,79.84,100.96,30.64
2010,11.62,280.02,79.99,100.95,30.91
2010,11.08,281.62,80.06,100.93,31.91
2010,7.57,284.62,81.21,99.59,36.21
2010,7.34,280.71,79.78,98.53,38.9
2010,12.05,279.11,80.07,100.95,30.78
2010,11.6,279,80.12,100.93,31.43
2010,10.8,279.38,79.34,100.86,33.87
2010,4.95,280.7,81.64,98.09,37.12
2010,4.82,277.36,79.05,97.18,39.24
2010,12,279.99,80.14,100.94,30.81
2010,11.27,278.91,80.26,100.88,31.85
2010,8.99,277.78,79.56,100.6,36.08
2010,3.17,276.53,82.04,95.87,36.87
2010,3.72,279.05,77.82,94.59,38.01
2011,14.89,290.39,77.94,100.92,30.2
2011,12.48,288.44,78.34,100.76,31.83
2011,8,284.69,79.31,100.13,36.57
2011,4.16,270.39,81.66,95.26,36.1
2011,5.7,275.91,76.66,94.08,36.78
2011,13.61,287.13,77.78,100.85,31.03
2011,10.49,285.81,78.26,100.25,33.59
2011,5.48,283.69,79.81,98.35,37.3
2011,5.69,261.39,79.24,95.6,37.53
2011,7.42,260.46,73.66,95.81,38.56
2011,11.01,282.11,77.72,100.47,31.84
2011,7.46,278.56,78.39,98.88,35
2011,3.55,270.06,79.97,95.15,36.71
2011,5.95,264.94,76.49,93.89,37.21
2011,6.85,266.77,70.86,95.58,38.89
2011,8.13,280.27,78.16,99.49,32.81
2011,4.63,274.62,79.04,96.76,35.83
2011,4.11,256.72,78.94,92.99,36.9
2011,6.5,260.37,73.49,92.38,37.12
2011,5.94,271.89,69.48,93.86,38.14
2011,5.84,275.59,78.56,98.21,34.35
2011,3.29,270.24,79.27,94.69,36.37
2011,5.89,262.34,76.72,92.15,37.08
2011,7.63,259.17,70.67,92.5,37.79
2011,7.23,269.42,68.52,93.02,37.99
2011,4.56,270.29,78.24,97.23,35.64
2011,3.38,264.44,78.86,93.45,36.51
2011,6.94,265.56,74.81,91.55,36.76
2011,8.34,262.66,68.94,92.37,37.95
2011,8.78,266.83,67.49,92.39,38.04
2011,13.42,286.66,78.3,100.95,29.69
2011,14.85,289.09,78.47,100.94,29.71
2011,15.7,292.59,78.88,100.94,29.96
2011,12.46,295.27,79.5,100.53,32.29
2011,10.89,293.16,78.42,99.78,34.75
2011,14.33,285.71,78.08,100.94,29.7
2011,15.67,287.29,78.26,100.94,29.85
2011,16.8,289.97,78.53,100.92,30.58
2011,9.39,293.64,80.13,99.57,34.8
2011,7.74,289.63,77.98,98.52,37.93
2011,14.95,286.09,77.96,100.94,29.76
2011,15.67,286.06,78.03,100.92,30.23
2011,15.76,286.53,77.62,100.85,32.07
2011,6.18,289.48,81.1,98.08,35.5
2011,5.08,287.37,78.01,97.17,38.08
2011,15.16,288.8,77.96,100.93,29.84
2011,14.32,287.45,78.11,100.87,30.75
2011,11.93,285.88,78.03,100.59,34.26
2011,3.93,286.15,82.03,95.86,35.14
2011,3.91,290.08,77.91,94.58,36.61
2012,8.6,290.77,78.25,100.95,30.06
2012,7.68,287.84,78.22,100.78,32.01
2012,5.7,283.34,77.75,100.15,37.42
2012,3.4,269.04,78.78,95.27,36.75
2012,5.33,273.48,72.94,94.1,37.48
2012,8.21,290.08,78.11,100.87,30.89
2012,6.88,287.32,77.75,100.27,33.83
2012,4.49,283.12,77.38,98.36,38.08
2012,5.16,260.58,75.15,95.62,38.31
2012,6.88,257.6,69.27,95.82,39.42
2012,7.45,287.85,78.12,100.49,31.72
2012,5.57,282.84,77.69,98.9,35.3
2012,3.29,271.59,77.31,95.17,37.31
2012,5.62,264.09,72.19,93.9,38.15
2012,6.32,262.16,66.33,95.59,39.85
2012,6.1,286.96,78.31,99.51,32.95
2012,3.9,279.88,77.94,96.78,36.44
2012,4,258.78,76.09,93.01,37.27
2012,6.12,261.83,69.47,92.39,38.05
2012,5.57,267.94,65.09,93.87,39.16
2012,5.02,282.34,78.1,98.23,34.98
2012,2.95,275.46,77.53,94.71,37.27
2012,5.56,264.28,73.5,92.17,37.42
2012,7.57,262.83,66.62,92.51,38.61
2012,7.35,269.18,64.06,93.03,38.96
2012,4.59,276.54,77.16,97.25,36.61
2012,3.23,269.09,76.53,93.47,37.6
2012,6.59,269.59,71.12,91.57,37.26
2012,8.61,268.64,64.8,92.38,38.59
2012,9.33,272.02,62.99,92.4,38.78
2012,11.88,287.77,78.39,100.97,29.89
2012,11.89,288.02,78.42,100.97,29.87
2012,11.86,288.75,78.59,100.96,30.02
2012,10.38,290.92,78.59,100.55,32.19
2012,9.28,288.08,77.84,99.8,34.53
2012,10.78,286.81,78.32,100.97,29.84
2012,11.02,286.81,78.32,100.96,30.12
2012,11.06,287.56,78.25,100.94,31.29
2012,8.22,290.41,78.65,99.59,34.98
2012,7.51,284.77,76.91,98.54,37.76
2012,9.9,286.99,78.42,100.96,29.77
2012,9.65,286.01,78.39,100.94,30.43
2012,8.96,285.53,77.56,100.87,33.01
2012,4.61,287.23,79.59,98.1,35.88
2012,4.71,282.52,76.23,97.19,37.96
2012,9.14,288.94,78.41,100.96,29.73
2012,8.5,286.79,78.45,100.89,30.84
2012,7.08,284.69,77.62,100.61,35.11
2012,2.64,283.81,80.25,95.88,35.73
2012,3.61,286.29,75.15,94.6,36.91
2013,9.24,286.2,78.53,100.96,30.45
2013,8.31,283.92,78.61,100.79,32.21
2013,6.28,280,78.03,100.17,38.16
2013,3.77,268.38,79.18,95.29,38.09
2013,6.03,272.58,73.17,94.11,38.69
2013,9.07,286.07,78.22,100.88,31.14
2013,7.32,283.46,78.08,100.29,33.8
2013,4.93,278.81,77.88,98.38,39.21
2013,5.82,260.64,76.1,95.63,39.33
2013,7.97,259.54,69.49,95.83,40.21
2013,8.58,284.73,78.18,100.5,32.05
2013,5.84,280.23,78.08,98.91,35.39
2013,3.52,269.62,78.25,95.18,38.59
2013,6.48,264.08,73.85,93.91,38.9
2013,7.5,264.41,66.97,95.6,40.45
2013,6.91,284.7,78.63,99.52,33.35
2013,4.12,278.51,78.68,96.79,36.75
2013,4.42,259.69,77.5,93.02,38.4
2013,7.01,262.96,71.95,92.4,38.64
2013,6.38,271.09,66.98,93.88,39.73
2013,5.07,281.08,78.72,98.24,35.33
2013,3.15,275.01,78.76,94.71,37.96
2013,6.12,265.06,75.69,92.17,38.42
2013,7.89,264.39,70.14,92.52,39.11
2013,7.54,272.28,67.78,93.04,39.37
2013,4.39,275.66,77.97,97.26,37.04
2013,3.57,268.74,78.19,93.47,38.53
2013,7.06,269.34,74.31,91.58,38.25
2013,8.61,268.94,69.34,92.39,39.08
2013,9.24,272.52,68.24,92.41,39.05
2013,10.19,284.54,78.44,100.99,29.98
2013,10.04,286.06,78.72,100.99,29.98
2013,9.96,288.31,79.22,100.98,30.04
2013,8.74,291.26,79.72,100.57,32.41
2013,8.51,289.81,79.32,99.82,34.77
2013,10.04,283.52,78.49,100.98,30.07
2013,9.9,284.71,78.69,100.98,30.26
2013,9.71,286.94,78.84,100.96,31.1
2013,6.69,290.16,79.72,99.61,35.24
2013,7.13,285.44,78.44,98.55,38.18
2013,9.73,283.28,78.62,100.98,30.12
2013,9.56,283.62,78.7,100.96,30.67
2013,9.25,284.59,77.88,100.89,32.9
2013,4.38,286.09,80.03,98.12,36.73
2013,4.85,281.54,77.17,97.2,39.03
2013,9.42,284.59,78.69,100.97,30.2
2013,8.99,283.69,78.79,100.9,31.21
2013,7.84,282.97,77.84,100.63,35.3
2013,2.85,282.04,80.42,95.9,37.1
2013,3.98,283.54,75.61,94.61,38.39
2014,9.28,287.65,78.68,100.99,30.79
2014,8.71,285.23,78.79,100.83,32.65
2014,6.36,281.78,78.31,100.2,38.19
2014,3.72,268.83,79.39,95.33,37.92
2014,5.72,276.02,74.07,94.16,38.22
2014,8.55,287.41,78.33,100.92,31.61
2014,7.28,285.43,78.32,100.32,34.55
2014,4.7,283.53,78.34,98.42,38.91
2014,5.54,262.43,76.52,95.68,38.91
2014,7.49,258.58,70.16,95.88,39.66
2014,7.68,284.94,78.17,100.54,32.47
2014,5.63,280.18,78.27,98.95,36.09
2014,3.32,269.41,78.59,95.22,38.33
2014,6.06,262.18,74.42,93.96,38.15
2014,7.05,263.82,67.45,95.66,39.83
2014,6.39,284.38,78.53,99.56,33.77
2014,3.97,276.66,78.82,96.83,37.17
2014,4.12,252.94,77.72,93.07,38.38
2014,6.61,251.01,72.27,92.46,37.8
2014,6.1,262.14,66.78,93.94,39.05
2014,5.1,280.16,78.68,98.28,35.7
2014,3.04,272.3,78.84,94.76,37.93
2014,5.89,258.88,75.59,92.23,38.32
2014,7.69,247.1,69.69,92.58,38.42
2014,7.44,251.6,66.34,93.1,38.98
2014,4.54,274.29,77.96,97.3,37.31
2014,3.45,264.94,78.16,93.52,38.29
2014,7.13,262.72,73.91,91.64,37.87
2014,8.61,250.99,68.13,92.45,38.59
2014,9.22,245.34,65.69,92.47,38.81
2014,12.4,284.51,78.99,101.02,30.05
2014,14.25,286.3,79.15,101.02,30.13
2014,14.3,288.5,79.5,101.01,30.3
2014,11.6,294.15,80.12,100.6,33.1
2014,9.56,297.77,79.96,99.86,35.11
2014,11.83,282.76,78.81,101.02,30.2
2014,13.12,283.72,78.96,101.01,30.48
2014,13.71,285.22,79.06,100.99,31.55
2014,8.7,291.62,80.34,99.64,36.18
2014,7.68,293.14,79.32,98.59,39.01
2014,11.02,282.38,78.77,101.01,30.31
2014,11.55,281.99,78.82,100.99,30.88
2014,11.71,281.72,78,100.92,33.43
2014,5.17,285.27,80.58,98.15,37.22
2014,4.95,289.18,78.2,97.24,39.48
2014,10.13,284.72,78.81,101,30.34
2014,10.03,283.01,78.88,100.93,31.35
2014,8.86,281.06,77.88,100.66,35.73
2014,3.09,281.04,80.68,95.93,36.97
2014,3.86,291.36,76.69,94.66,38.19
2015,9.34,276.2,78.34,101.04,30.36
2015,7.87,274.98,78.64,100.88,31.95
2015,5.93,272.66,78.69,100.25,36.8
2015,3.55,261.76,80.14,95.38,36.23
2015,5.6,269.59,76.24,94.21,36.59
2015,9.41,276.06,78.06,100.97,31.03
2015,7.31,274.94,78.29,100.37,33.22
2015,4.66,273.09,78.72,98.47,37.19
2015,5.51,256.62,76.84,95.73,37.3
2015,7.46,253.34,72.19,95.94,38.25
2015,8.48,274.26,78.11,100.59,31.91
2015,5.73,270.8,78.4,99,34.38
2015,3.41,261.75,78.5,95.27,36.21
2015,6.2,257.73,74.2,94.02,36.7
2015,7.06,258.46,69.45,95.72,38.37
2015,6.71,275.02,78.76,99.61,33.09
2015,3.98,269.52,79.16,96.89,35.35
2015,4.48,250.75,77.19,93.12,35.95
2015,6.92,249.95,71.96,92.51,36.23
2015,6.27,257.4,68.8,94,37.47
2015,5.23,272.16,79.28,98.33,34.83
2015,3.24,267,79.38,94.81,36.5
2015,6.48,258,74.75,92.28,36.39
2015,8.25,248.85,69.58,92.63,36.84
2015,7.99,251.55,68.17,93.16,37.43
2015,4.7,268.44,78.84,97.36,36.3
2015,3.71,263.04,78.71,93.58,37.26
2015,7.74,261.84,72.78,91.69,36.79
2015,9.18,253.27,68.13,92.5,37.49
2015,9.96,252.19,67.32,92.52,37.56
2015,9.62,270.93,78.98,101.07,30.21
2015,10.25,272.44,79.07,101.07,30.18
2015,10.64,274.94,79.34,101.06,30.21
2015,8.84,281.86,80.44,100.66,32.62
2015,8.16,286.01,80.72,99.91,34.3
2015,9.22,269.79,78.84,101.06,30.27
2015,9.98,270.97,78.84,101.06,30.44
2015,10.5,273.34,78.84,101.04,31.06
2015,6.85,281.17,81.14,99.7,35.23
2015,6.62,283.56,80.95,98.65,37.46
2015,8.79,270.32,78.79,101.06,30.17
2015,8.99,270.69,78.68,101.04,30.74
2015,8.65,271.59,77.75,100.97,32.76
2015,4.07,275.42,81.32,98.2,35.98
2015,4.4,280.07,80.1,97.3,37.6
2015,8.96,273.19,78.63,101.05,30.11
2015,8.41,272.84,78.66,100.99,31.14
2015,7.1,272.56,77.81,100.71,34.89
2015,2.63,272.51,81.41,95.98,35.62
2015,3.67,283.54,78.81,94.71,36.35
2016,8.64,292.34,78.77,101.01,31.14
2016,7.7,288.41,78.86,100.85,32.45
2016,6,283.03,77.78,100.22,37.2
2016,3.62,271.03,78.28,95.34,37.78
2016,6.14,274.89,72.05,94.16,38.88
2016,8.49,292.92,78.44,100.94,31.62
2016,7.2,288.21,77.88,100.34,33.73
2016,4.78,281.31,76.53,98.43,38.52
2016,5.71,261.96,73.61,95.68,39.83
2016,7.99,258.61,67.21,95.88,41.13
2016,7.75,292.31,78.08,100.56,32.49
2016,5.75,285.45,76.94,98.96,35.41
2016,3.48,271.5,75.09,95.23,38.62
2016,6.43,265.12,69.79,93.97,40.28
2016,7.43,261.49,63.39,95.65,42.25
2016,6.39,292.53,77.77,99.58,33.81
2016,3.96,284.06,76.15,96.85,37.13
2016,4.52,260.31,72,93.07,39.4
2016,7.09,263.31,66.3,92.46,40.25
2016,6.4,266.39,62.14,93.94,41.82
2016,5.07,288.37,77.06,98.3,35.69
2016,3.18,279.84,74.94,94.77,38.48
2016,6.45,265.47,67.94,92.23,39.96
2016,8.2,263.72,62.94,92.58,40.83
2016,7.74,266.6,61.61,93.1,41.55
2016,4.63,281.93,75.75,97.32,37.5
2016,3.68,271.72,73.39,93.53,39.29
2016,7.56,271.22,65.06,91.63,39.78
2016,8.86,268.57,61.19,92.44,40.78
2016,9.34,267.89,61.19,92.46,41.03
2016,9.14,293.11,78.44,101.05,30.79
2016,9.07,293.49,78.78,101.04,30.73
2016,9.37,294.59,79.38,101.04,30.68
2016,8.64,295.42,79.5,100.62,33.18
2016,8.43,292.19,78.11,99.87,35.57
2016,8.72,291.33,78.38,101.04,30.83
2016,8.65,291.36,78.72,101.03,30.81
2016,8.79,292.28,79,101.01,31.19
2016,6.6,294.46,79.47,99.67,35.66
2016,7.05,288.38,76.69,98.61,38.75
2016,8.75,290.42,78.55,101.03,30.93
2016,8.42,289.69,78.81,101.01,31.15
2016,8.26,289.72,78.06,100.94,32.37
2016,4.21,291.12,80.21,98.17,36.54
2016,4.78,285.3,75.99,97.25,39.12
2016,8.74,290.94,78.78,101.03,31.04
2016,8.06,288.86,79.08,100.96,31.69
2016,7.14,287.28,78.03,100.68,34.4
2016,2.68,286.68,80.53,95.95,36.61
2016,4.03,287.81,74.8,94.67,38.38
2017,10.91,289.42,79.04,100.97,30.66
2017,8.66,285.34,79.21,100.8,32.35
2017,5.79,280.31,78.69,100.17,37.25
2017,3.46,266.44,79.96,95.3,37.32
2017,5.36,274.56,75.26,94.13,38.69
2017,9.41,290.54,78.78,100.89,31.38
2017,7.15,286.56,78.78,100.3,33.88
2017,4.59,281.81,78.66,98.39,37.72
2017,5.35,261.01,77.36,95.65,38.66
2017,7.16,259.24,71.97,95.85,40.1
2017,8.33,289.12,78.53,100.51,32.19
2017,5.73,283.14,78.49,98.92,35.22
2017,3.3,271.84,78.56,95.2,36.83
2017,5.89,267.29,75.16,93.94,38.1
2017,6.79,267.68,69.49,95.63,40.26
2017,6.81,288.57,78.4,99.53,33.4
2017,4.14,281.04,78.22,96.81,36.41
2017,4.32,261.22,76.59,93.04,36.97
2017,6.59,266.52,72.84,92.43,37.72
2017,5.94,278.06,68.87,93.91,39.5
2017,5.1,283.79,77.68,98.26,35.28
2017,3.12,277.14,77.03,94.73,37.55
2017,6.32,269.81,73.16,92.2,37.55
2017,7.89,270.09,70.23,92.55,38.24
2017,7.29,282.64,68.58,93.08,39.18
2017,4.47,277.56,76.04,97.28,36.93
2017,3.39,270.73,75.03,93.5,38.36
2017,7.3,275.91,70.5,91.61,37.66
2017,8.51,279.31,68.53,92.42,38.5
2017,8.81,287.66,68.12,92.44,38.97
2017,13.67,283.27,79.12,101,29.88
2017,11.76,283.49,79.37,100.99,29.94
2017,11.5,284.47,79.84,100.99,30.08
2017,11.42,287.12,80.17,100.58,32.67
2017,11.89,285.64,78.99,99.83,35.03
2017,14.42,282.62,78.98,100.99,30
2017,12.22,282.31,79.25,100.98,30.28
2017,11.72,282.94,79.5,100.96,31.35
2017,8.25,286.41,80,99.62,35.53
2017,9.08,283.74,77.58,98.56,38.51
2017,13.78,283.11,79.02,100.98,30.18
2017,11.86,281.66,79.19,100.97,30.79
2017,10.61,281.03,78.47,100.9,33.14
2017,4.84,282.56,80.39,98.13,36.21
2017,5.1,282.09,77.37,97.21,38.79
2017,12.59,285.77,79.09,100.98,30.33
2017,10.3,282.88,79.28,100.91,31.28
2017,7.55,280.53,78.38,100.63,35.03
2017,2.71,279.11,80.85,95.91,36
2017,3.57,287.02,76.99,94.63,38.09
2018,12.41,289.36,78.92,100.97,30.84
2018,12.17,285.96,79.09,100.8,32.53
2018,9.37,282.41,78.56,100.17,37.62
2018,4.59,267.03,80.79,95.31,36.46
2018,6.04,273.5,75.78,94.14,37.21
2018,11.45,289.81,78.61,100.89,31.74
2018,10.3,286.3,78.61,100.3,34.33
2018,6.27,283.5,78.56,98.39,37.98
2018,6.18,259.08,77.96,95.65,37.92
2018,7.77,254.26,72.43,95.86,39.27
2018,9.69,288.32,78.45,100.51,32.54
2018,7.3,282.23,78.26,98.92,35.77
2018,3.94,271.62,78.16,95.2,37.08
2018,6.65,264.12,74.88,93.94,37.58
2018,7.25,261.91,69.11,95.63,39.8
2018,7.57,288.5,78.46,99.53,33.54
2018,4.6,280.62,77.83,96.81,36.45
2018,4.82,259.97,75.41,93.04,36.86
2018,7.34,261.27,71.01,92.43,37.51
2018,6.39,274.34,66.92,93.91,39.07
2018,5.81,284.81,77.77,98.26,35.26
2018,3.46,278.48,76.46,94.74,36.87
2018,6.86,270.41,71.28,92.2,37.15
2018,8.46,267.11,67.38,92.55,38.44
2018,7.71,282.86,65.49,93.08,39.03
2018,4.8,279.15,75.99,97.28,36.79
2018,3.83,273.4,74.35,93.5,37.19
2018,7.95,277.62,68.62,91.61,37.35
2018,9,281.75,65.82,92.42,38.56
2018,9.11,293.41,64.92,92.45,38.89
2018,11.52,285.92,78.78,101,30.22
2018,12.07,287.07,79.14,100.99,30.26
2018,12.98,289.09,79.69,100.99,30.35
2018,11.12,294.69,80.51,100.58,32.47
2018,9.57,297.46,79.95,99.83,34.63
2018,12.17,284.51,78.72,100.99,30.25
2018,12.75,284.92,79.01,100.98,30.54
2018,13.5,286.47,79.19,100.96,31.76
2018,8.92,293.27,80.64,99.62,35.24
2018,8.33,293.02,78.84,98.57,37.72
2018,12.81,284.28,78.91,100.98,30.27
2018,13.4,283.23,79.07,100.97,30.93
2018,13.8,283.16,78.22,100.9,33.63
2018,6.01,287.51,81.12,98.13,36.03
2018,5.58,289.72,77.92,97.22,37.81
2018,12.87,286.34,79.06,100.98,30.4
2018,13.2,283.89,79.21,100.91,31.42
2018,12.3,282.19,78.19,100.63,35.55
2018,4.25,282.66,81.71,95.91,35.66
2018,4.28,291.56,77.32,94.64,36.71
2019,10.63,284.45,78.39,101,30.74
2019,9.51,280.59,78.28,100.84,32.58
2019,6.7,274.84,77.38,100.21,38.64
2019,3.89,260.59,78.75,95.34,38.9
2019,5.78,265.6,73.69,94.17,39.14
2019,9.96,285.12,78.16,100.92,31.51
2019,8.29,281.2,77.88,100.33,34.23
2019,5.05,275.25,77.5,98.43,39.48
2019,5.91,252.52,76.18,95.69,39.94
2019,7.74,247.11,70.67,95.89,40.54
2019,8.74,283.27,77.91,100.55,32.49
2019,6.37,276.38,77.48,98.95,35.96
2019,3.68,260.53,77.28,95.23,38.85
2019,6.59,250.21,73.93,93.97,39.24
2019,7.34,246.24,68.44,95.67,40.46
2019,7.02,283.02,77.81,99.57,33.77
2019,4.25,273.29,77.14,96.84,37.32
2019,4.68,243.19,75.22,93.08,38.79
2019,7.24,239.26,71.37,92.47,38.9
2019,6.37,235.82,67.78,93.95,39.7
2019,5.43,277.41,77.14,98.29,35.7
2019,3.24,266.96,75.98,94.77,38.35
2019,6.57,248.19,71.78,92.24,38.77
2019,8.31,235.16,68.38,92.59,39.4
2019,7.68,224.09,67.08,93.11,39.72
2019,4.7,269.45,75.54,97.31,37.56
2019,3.71,256.84,74.05,93.53,39.15
2019,7.64,252.09,69,91.64,38.75
2019,8.89,235.57,66.47,92.45,39.53
2019,9.25,221.91,66.11,92.48,39.63
2019,10.53,278.59,78.4,101.03,30.63
2019,10.73,278.92,78.38,101.03,30.73
2019,10.77,280.09,78.5,101.03,30.76
2019,9.59,283.34,78.88,100.62,33.08
2019,9.18,282.36,78.16,99.87,35.44
2019,10.4,277.76,78.26,101.02,30.62
2019,10.36,277.66,78.17,101.02,30.9
2019,10.19,278.66,77.97,101,31.76
2019,7.41,282.83,78.62,99.66,36.48
2019,7.49,279.73,76.4,98.61,39.31
2019,10.47,277.81,78.25,101.02,30.54
2019,10.38,276.61,78.04,101,31.16
2019,9.75,276.19,76.81,100.93,33.64
2019,4.76,278.21,78.71,98.16,37.94
2019,5.04,277.12,75.47,97.26,39.93
2019,10.72,280.57,78.38,101.01,30.46
2019,10.26,277.96,78.2,100.94,31.58
2019,8.46,275.56,76.75,100.67,36.01
2019,3.09,274.14,79.38,95.95,37.94
2019,3.92,280.34,75.12,94.68,38.9
2020,10.94,284.61,78.49,100.93,31.12
2020,9.2,280.09,78.72,100.76,32.87
2020,6.32,274.34,78.59,100.14,38.46
2020,3.79,259.59,80.49,95.27,37.7
2020,6.21,265.09,76.6,94.11,38.2
2020,10.31,284.64,78.31,100.85,31.85
2020,8.01,279.84,78.46,100.26,34.4
2020,5,273.81,78.94,98.36,39.13
2020,5.84,250.84,77.96,95.62,38.94
2020,8.04,245.92,73.09,95.83,39.74
2020,8.99,282.68,78.31,100.47,32.86
2020,5.97,274.88,78.52,98.88,36.05
2020,3.56,259.16,79.22,95.17,38.23
2020,6.35,248.61,75.89,93.91,38.49
2020,7.38,245.99,70.68,95.61,40.21
2020,7.31,281.91,78.86,99.5,34.18
2020,4.09,271.46,79.15,96.77,37.38
2020,4.46,242.56,78,93.01,38.01
2020,6.78,237.49,73.68,92.41,38.16
2020,6.11,237.08,70.21,93.89,39.65
2020,5.47,275.92,79.22,98.22,36.01
2020,3.2,264.68,79.21,94.7,38.17
2020,6.33,247.5,75.44,92.17,38.15
2020,7.77,232.15,71.49,92.53,38.64
2020,7.24,222.95,70.24,93.05,39.36
2020,4.46,268.39,78.84,97.24,37.65
2020,3.59,254.76,78.68,93.47,38.56
2020,7.39,250.56,73.75,91.58,37.97
2020,8.46,229.86,70.8,92.4,38.65
2020,8.94,213.76,70.4,92.42,39.02
2020,11.34,283.18,78.19,100.96,30.79
2020,10.99,283.55,78.26,100.95,30.86
2020,10.62,285.12,78.56,100.95,30.93
2020,9.43,290.7,79.84,100.54,33.52
2020,8.83,292.58,79.71,99.8,35.27
2020,11.31,281.01,77.99,100.95,30.78
2020,10.92,280.63,77.99,100.94,31.05
2020,10.18,281.53,78.09,100.93,32.05
2020,7.01,287.61,80.27,99.59,36.38
2020,7.1,287.59,79.12,98.54,38.54
2020,10.85,280.32,78.08,100.95,30.77
2020,10.49,278.62,78,100.93,31.41
2020,9.12,277.59,77.25,100.86,33.89
2020,4.25,280.69,80.58,98.09,37.1
2020,4.92,283.32,78.69,97.19,38.72
2020,10.65,282.04,78.36,100.94,30.81
2020,9.85,278.83,78.42,100.87,31.88
2020,7.54,275.91,77.62,100.59,36.08
2020,2.77,274.53,81.2,95.88,36.84
2020,4.15,283.04,78.36,94.61,37.84
2021,11.29,283.73,79.46,100.92,30.64
2021,10.04,280.41,80.16,100.76,32.17
2021,6.57,276.78,81.28,100.13,36.83
2021,3.73,261.78,83.98,95.27,36.45
2021,5.58,269.09,81.17,94.1,36.99
2021,10.32,282.3,79.48,100.85,31.33
2021,8.64,279.06,80.41,100.25,33.74
2021,5.07,276.28,82.16,98.35,37.71
2021,5.63,254.76,82.18,95.61,38.35
2021,7.22,253.09,78.31,95.82,39.43
2021,9.08,278.92,79.72,100.47,32.1
2021,6.44,273.11,80.85,98.88,35.04
2021,3.52,262.19,82.5,95.16,37.06
2021,6.12,258.06,80.35,93.9,38.34
2021,6.65,259.94,76.08,95.6,40.54
2021,7.86,277.94,80.47,99.49,33.24
2021,4.28,269.94,81.55,96.77,36.23
2021,4.38,248.47,81.12,93,37.35
2021,6.66,250.37,77.85,92.4,38.52
2021,5.74,263.84,75.1,93.88,40.24
2021,7.11,273.43,81,98.21,35.04
2021,3.33,265.74,81.51,94.7,37.36
2021,6.2,255.47,78.28,92.17,38.22
2021,7.71,247.19,74.96,92.52,39.43
2021,6.94,260.67,74.16,93.04,40.16
2021,6.84,268.21,80.79,97.24,36.61
2021,3.52,260.19,80.88,93.46,37.9
2021,7.06,259.47,76.25,91.57,38.25
2021,8.22,250.02,73.47,92.39,39.6
2021,8.38,257.91,73.38,92.41,39.86
2021,11.7,284.89,79.21,100.95,30.04
2021,11.61,285.91,79.42,100.95,30.02
2021,11.98,287.44,79.75,100.95,30.07
2021,10.53,291.79,81.58,100.54,32.32
2021,9.53,291.09,82.67,99.79,34.91
2021,11.67,282.35,79.13,100.95,30.05
2021,11.03,282.61,79.36,100.94,30.19
2021,10.76,283.78,79.66,100.92,30.91
2021,7.22,289.73,83.21,99.58,34.78
2021,7.12,287.94,83.72,98.53,37.73
2021,11.77,280.61,79.18,100.94,30.06
2021,10.96,279.36,79.41,100.92,30.52
2021,9.8,278.91,79.28,100.85,32.48
2021,4.54,282.78,84.16,98.09,35.26
2021,4.69,284.73,83.74,97.18,37.86
2021,11.74,281.77,79.32,100.94,30.23
2021,10.74,279.28,79.7,100.87,31.05
2021,8,277.41,79.88,100.59,34.51
2021,2.89,276.73,84.55,95.87,35.03
2021,3.74,285.43,82.98,94.6,36.62
2022,9.84,298.21,79.6,100.9,30.9
2022,8.82,292.76,79.98,100.73,32.6
2022,6.37,286.44,80.53,100.1,37.27
2022,3.78,270.09,83.21,95.23,35.99
2022,5.89,275.36,80.31,94.06,36.06
2022,9.22,296.93,79.59,100.82,31.58
2022,7.75,291.8,80,100.23,34.08
2022,5.09,286.12,81.12,98.32,37.53
2022,5.93,261.18,81.25,95.58,37.38
2022,7.9,258.69,77.21,95.78,37.9
2022,8.07,293.66,79.74,100.45,32.26
2022,6.07,287.12,80.4,98.85,35.11
2022,3.6,276,81.75,95.13,36.64
2022,6.64,268.85,79.62,93.86,36.89
2022,7.58,268.99,74.95,95.56,38.41
2022,6.44,292.32,80.26,99.47,33.3
2022,4.23,284.67,81.21,96.74,35.82
2022,4.71,264.72,81.06,92.97,36.91
2022,7.37,269.37,78.01,92.36,36.76
2022,6.66,282.64,74.96,93.84,37.93
2022,5.04,287.45,80.68,98.19,34.83
2022,3.32,281.11,81.5,94.67,36.32
2022,6.83,271.06,79,92.13,37.15
2022,8.53,271.69,76.22,92.48,37.62
2022,8,287.58,75.12,93,38.21
2022,4.48,280.95,80.54,97.21,35.9
2022,3.78,274.81,81.34,93.43,36.54
2022,7.95,276.78,77.59,91.54,36.85
2022,9.2,279.86,75.24,92.35,38.02
2022,9.67,292.29,74.64,92.37,38.52
2022,10.85,293.7,79.18,100.93,30.54
2022,10.87,292.78,79.47,100.92,30.45
2022,10.94,292.41,80,100.92,30.46
2022,10.22,293.08,81.12,100.51,32.42
2022,9.61,290.02,80.49,99.76,34.48
2022,11.17,293.47,79.25,100.92,30.56
2022,11.08,291.91,79.61,100.91,30.65
2022,10.91,290.94,79.94,100.89,31.3
2022,7.72,292.59,82.04,99.55,34.87
2022,7.64,287.98,80.37,98.49,37.37
2022,11.14,293.89,79.46,100.92,30.54
2022,10.58,290.92,79.69,100.9,31.04
2022,9.83,288.47,79.19,100.83,32.87
2022,4.52,289.19,82.86,98.06,35.49
2022,4.96,286.38,80.93,97.14,37.41
2022,10.38,296.13,79.61,100.91,30.57
2022,9.59,291.73,79.82,100.84,31.51
2022,7.77,287.78,79.47,100.56,35.01
2022,2.82,286.21,83.57,95.84,35.06
2022,3.95,290.26,81.39,94.56,35.91
